date,year,quarter,month,day,month_name,week,day_of_week,day_name
2026-03-04,2026,1,3,4,March,10,2,Wednesday
2026-03-05,2026,1,3,5,March,10,3,Thursday
2026-03-06,2026,1,3,6,March,10,4,Friday
2026-03-09,2026,1,3,9,March,11,0,Monday
2026-03-11,2026,1,3,11,March,11,2,Wednesday
2026-03-12,2026,1,3,12,March,11,3,Thursday
2026-03-13,2026,1,3,13,March,11,4,Friday
2026-03-17,2026,1,3,17,March,12,1,Tuesday
2026-03-18,2026,1,3,18,March,12,2,Wednesday
2026-03-19,2026,1,3,19,March,12,3,Thursday
2026-03-20,2026,1,3,20,March,12,4,Friday
2026-03-21,2026,1,3,21,March,12,5,Saturday
2026-03-22,2026,1,3,22,March,12,6,Sunday
2026-03-23,2026,1,3,23,March,13,0,Monday
2026-03-24,2026,1,3,24,March,13,1,Tuesday
2026-03-25,2026,1,3,25,March,13,2,Wednesday
2026-03-26,2026,1,3,26,March,13,3,Thursday
2026-03-27,2026,1,3,27,March,13,4,Friday
2026-03-28,2026,1,3,28,March,13,5,Saturday
2026-03-29,2026,1,3,29,March,13,6,Sunday
2026-03-30,2026,1,3,30,March,14,0,Monday
2026-03-31,2026,1,3,31,March,14,1,Tuesday
2026-04-01,2026,2,4,1,April,14,2,Wednesday
2026-04-02,2026,2,4,2,April,14,3,Thursday
2026-04-03,2026,2,4,3,April,14,4,Friday
2026-04-04,2026,2,4,4,April,14,5,Saturday
2026-04-05,2026,2,4,5,April,14,6,Sunday
2026-04-06,2026,2,4,6,April,15,0,Monday
2026-04-07,2026,2,4,7,April,15,1,Tuesday
2026-04-08,2026,2,4,8,April,15,2,Wednesday
2026-04-09,2026,2,4,9,April,15,3,Thursday
2026-04-10,2026,2,4,10,April,15,4,Friday
2026-04-11,2026,2,4,11,April,15,5,Saturday
2026-04-12,2026,2,4,12,April,15,6,Sunday
2026-04-13,2026,2,4,13,April,16,0,Monday
2026-04-14,2026,2,4,14,April,16,1,Tuesday
2026-04-15,2026,2,4,15,April,16,2,Wednesday
2026-04-16,2026,2,4,16,April,16,3,Thursday
2026-04-17,2026,2,4,17,April,16,4,Friday
2026-04-18,2026,2,4,18,April,16,5,Saturday
2026-04-19,2026,2,4,19,April,16,6,Sunday
2026-04-20,2026,2,4,20,April,17,0,Monday
2026-04-21,2026,2,4,21,April,17,1,Tuesday
2026-04-22,2026,2,4,22,April,17,2,Wednesday
2026-05-05,2026,2,5,5,May,19,1,Tuesday
2026-05-06,2026,2,5,6,May,19,2,Wednesday
2026-05-07,2026,2,5,7,May,19,3,Thursday
2026-05-08,2026,2,5,8,May,19,4,Friday
2026-05-09,2026,2,5,9,May,19,5,Saturday
2026-05-10,2026,2,5,10,May,19,6,Sunday
2026-05-11,2026,2,5,11,May,20,0,Monday
2026-05-12,2026,2,5,12,May,20,1,Tuesday
2026-05-13,2026,2,5,13,May,20,2,Wednesday
2026-05-14,2026,2,5,14,May,20,3,Thursday
2026-05-15,2026,2,5,15,May,20,4,Friday
2026-05-16,2026,2,5,16,May,20,5,Saturday
2026-05-17,2026,2,5,17,May,20,6,Sunday
