timestamp,date,id,cmc_rank,circulating_supply,total_supply,aud_price,aud_volume_24h,aud_cex_volume_24h,aud_dex_volume_24h,aud_volume_change_24h,aud_percent_change_1h,aud_percent_change_24h,aud_percent_change_7d,aud_percent_change_30d,aud_percent_change_60d,aud_percent_change_90d,aud_market_cap,aud_market_cap_dominance,aud_fully_diluted_market_cap
2026-03-04 15:17:25.859452,2026-03-04,1,1,19997556.0,19997556.0,96735.574767413,71408978199.96277,71316216306.00313,92761893.95963228,-9.0401,-0.72278419,-0.77190064,3.70804519,-10.33697566,-24.82911977,-27.42950901,1934475073603.5288,58.507,2031447070115.669
2026-03-04 15:17:25.859452,2026-03-04,1027,2,120692150.4200828,120692150.4200828,2796.422584106413,34166070694.013363,33880054535.026337,286016158.9870301,-7.0038,-0.80569201,-2.42719591,2.93436768,-11.42640445,-37.14765512,-38.97059401,337506255159.0879,10.2077,337506255159.0854
2026-03-04 15:17:25.859452,2026-03-04,1839,4,136358607.97,136358607.97,898.2114656550503,2469415553.200122,2408006599.219167,61408953.980953865,-11.278,-0.51776649,-0.94517265,6.12785985,-15.39573668,-28.26642694,-31.41364484,122478865119.41614,3.7043,122478867634.4124
2026-03-04 15:17:25.859452,2026-03-04,5426,7,569767412.472952,621598902.2548279,122.02743671210838,7071298463.579047,7071245003.010365,53460.56868362688,-7.6967,-1.31215149,-0.80362892,4.49094331,-13.48513304,-35.41649829,-40.82610282,69527256866.1649,2.1028,75852120705.22375
2026-03-04 15:17:25.859452,2026-03-04,52,5,61090376977.0,99985708785.0,1.9305093715422288,3951698504.5161376,3948117678.233536,3580826.2826017234,-15.9658,-0.42805199,-1.31731938,-1.0859447,-13.27255845,-33.75804519,-38.3762923,117935545265.14607,3.5669,193050937154.2297
2026-03-04 15:17:25.859452,2026-03-04,74,9,168976693126.57907,168976693126.57907,0.1278738391401512,1942838715.6833668,1940505639.560638,2333076.1227288013,13.1556,-0.21344126,-2.7171949,-2.92551126,-12.17724103,-37.44834735,-40.73002583,21607698475.30287,0.6535,21607698475.30228
2026-03-04 15:17:25.859452,2026-03-04,2010,10,36078864112.21547,44994838422.19901,0.3748663742722801,1023210430.5981216,1021600225.5406508,1610205.057470708,16.8681,-0.51041472,-3.66537202,-0.99463463,-7.02512883,-33.83296592,-41.61221892,13524752977.6085,0.4087,16868986842.25084
2026-03-04 15:17:25.859452,2026-03-04,1958,8,94741680902.0612,94741679182.2991,0.3996818974342863,683163318.1439837,683036461.1821961,126856.96178748732,7.3245,0.03414593,-0.9955454,-2.19350776,-0.69052037,-2.89223925,0.05783043,37866534789.04951,1.1442,37866534101.692986
2026-03-04 15:17:25.859452,2026-03-04,5805,24,431771961.1772119,463441061.1772119,13.092112094190002,441948850.18210775,436722398.56244975,5226451.619657944,-16.1555,-0.18578933,0.22378691,7.85237967,-5.71083866,-35.02324106,-37.66831419,5652806914.860312,0.171,9370662460.427002
2026-03-04 15:17:25.859452,2026-03-04,11419,29,2452742484.7028146,5155755757.912703,1.787285344309931,134422473.79310688,131723916.98681676,2698556.806290143,-11.647,-0.06803056,1.48880019,-3.3321741,-5.02890109,-31.10599607,-23.37399419,4383750696.275666,0.1326,9214806704.96542
2026-03-04 15:17:25.859452,2026-03-04,1975,15,708099970.4525867,1000000000.0,12.48463707466968,1085378595.4006925,1073778146.5277517,11600448.87294088,-10.4389,-0.74731487,-1.48540711,2.96362345,-5.14861682,-33.98260986,-40.00924973,8840371143.684868,0.2674,12484637074.67378
2026-03-04 15:17:25.859452,2026-03-04,5994,27,589243742059209.9,589500284160680.1,7.771196590705234e-06,225885557.31944412,225713229.936262,172327.38318209778,0.7409,-0.49391541,0.2852716,-8.71920622,-17.41392215,-32.8447069,-38.72488793,4579128959.384927,0.1385,4581529896.018927
2026-03-04 15:17:25.859452,2026-03-04,6636,32,1671149579.0101995,1671149579.0101995,2.174772854484919,269692017.18602264,269219294.1693931,472723.01662954845,-28.5633,-0.67302552,2.0386452,20.03238059,2.64409991,-29.09345909,-34.85214054,3634370740.215283,0.1099,4567022994.4190855
2026-03-04 15:17:25.859452,2026-03-04,28321,52,10601927073.046022,10601927083.046022,0.1449562708140802,111352130.8031958,111019243.51493372,332887.28826206765,-30.6348,0.11937959,1.35396646,-10.82143619,-0.35738151,-12.16612873,-20.79092792,1536815811.9515886,0.0465,1536815813.40603
2026-03-04 15:17:25.859452,2026-03-04,2,22,76911876.98347135,84000000.0,77.97232275428372,514727990.9606026,513948325.6692069,779665.2913955448,-8.912,-0.64450227,1.09648962,4.13705956,-5.07642903,-33.71220886,-36.49335359,5996997695.792994,0.1812,6549675111.358909
2026-03-04 15:17:25.859452,2026-03-04,1831,11,20002471.875,20002471.875,631.0036684406641,457234012.663979,454482739.68761134,2751272.9763676086,-20.446,-0.16462896,-0.32374471,-11.37505072,-12.53142752,-29.40866862,-25.40281359,12621633131.00621,0.3817,13251077037.258402
2026-03-04 15:17:25.859452,2026-03-04,7083,34,633795562.7465303,898430420.0366303,5.570017729959233,379953207.95675504,377160959.3538393,2792248.6029157885,-11.251,-1.14488175,0.02037844,12.35436883,2.86605677,-35.36399194,-36.52661909,3530252521.6676626,0.1068,5004273368.73867
2026-03-04 15:17:25.859452,2026-03-04,6535,38,1289252866.0,1289252866.0,1.9655991012996787,749855084.7441962,749747791.5772992,107293.16689696108,-24.7307,-1.35310839,-2.01308186,39.8833632,18.40269329,-18.95410373,-26.3240189,2534154274.757635,0.0766,2534154274.756302
2026-03-04 15:17:25.859452,2026-03-04,512,19,32985091890.39495,50001786883.65895,0.2154242177125121,170900335.64657465,170703558.77530503,196776.87126961068,-5.1795,-0.53570342,-1.20406194,-1.37330438,-11.98140219,-33.24961215,-41.14022649,7105787616.66366,0.2149,10771600116.693542
2026-03-04 15:17:25.859452,2026-03-04,3794,58,496027140.0,496027140.0,2.5975916771822063,90471899.33154452,89611766.41084363,860132.9207009161,4.075,-0.50352733,-1.22898651,-11.47883543,-4.41774056,-18.233438,-22.96967725,1288475970.5204933,0.039,1288475970.515996
2026-03-04 15:33:37.459146,2026-03-04,1,1,19997556.0,19997556.0,96552.86922250326,72165689782.21178,72070065418.18173,95624364.0300516,-8.1866,-0.36367979,-1.16650416,2.98870129,-11.30815931,-25.1300548,-27.72371165,1930821409237.6853,58.415,2027610253672.567
2026-03-04 15:33:37.459146,2026-03-04,1027,2,120692150.4200828,120692150.4200828,2789.815729210888,34651795211.199715,34364803756.14609,286991455.05366814,-6.1629,-0.63329464,-2.88418696,2.04567693,-13.5108166,-37.44779727,-39.18114741,336708859634.2334,10.1868,336708859634.236
2026-03-04 15:33:37.459146,2026-03-04,1839,4,136358607.97,136358607.97,897.5991228375408,2474067885.466358,2412629851.997824,61438033.4685338,-11.2471,-0.53737794,-1.26516084,5.54397434,-17.09370817,-28.52609704,-31.46384054,122395366905.2201,3.7029,122395366905.21877
2026-03-04 15:33:37.459146,2026-03-04,5426,7,569767412.472952,621598902.2548279,121.54662769676398,7109423401.675482,7109369745.763502,53655.91197965745,-7.219,-1.33288216,-1.31505129,3.51373082,-15.95146632,-35.82076321,-41.0701741,69253307557.59845,2.0952,75553250349.09154
2026-03-04 15:33:37.459146,2026-03-04,52,5,61090376977.0,99985708785.0,1.9251298713509697,3963346480.5958953,3959751261.845824,3595218.7500711665,-15.7878,-0.66218114,-1.7356842,-1.645938,-15.43632582,-34.38589344,-38.64797417,117606909570.51424,3.5581,192512987135.0963
2026-03-04 15:33:37.459146,2026-03-04,74,9,168976693126.57907,168976693126.57907,0.1273444888045059,1948491029.8606648,1946157091.2192376,2333938.641427395,13.2637,-0.51107057,-3.32852421,-3.71516573,-14.8021704,-37.95150801,-41.00904368,21518250606.08009,0.651,21518250606.077797
2026-03-04 15:33:37.459146,2026-03-04,2010,10,36078864112.21547,44994838422.19901,0.3715457177251388,1046670754.24059,1044746266.7277972,1924487.5127928648,19.3845,-1.32283882,-4.64944625,-2.27539432,-9.79499213,-34.5971437,-42.10078301,13404947461.28085,0.4055,16719557297.634129
2026-03-04 15:33:37.459146,2026-03-04,1958,8,94741680902.0612,94741679182.2991,0.4003805210651195,683744932.8528905,683614857.5148842,130075.3380062171,7.4744,0.0166655,-1.01818482,-2.26908139,-1.09567928,-2.92259628,-0.07765571,37932723566.15255,1.1473,37932722877.58788
2026-03-04 15:33:37.459146,2026-03-04,5805,24,431771961.1772119,463441061.1772119,12.991030088638054,448030337.7986011,442749951.78203374,5280386.01656735,-15.0413,-0.90035153,-0.73135967,6.61296588,-8.78313636,-35.47769831,-38.28551984,5609162539.083422,0.1697,9298313144.436352
2026-03-04 15:33:37.459146,2026-03-04,11419,29,2452742484.7028146,5155755757.912703,1.7911537861783582,134200304.99876171,131481010.08747698,2719294.911284783,-11.9851,0.25802714,1.26042077,-3.65664513,-6.84175811,-30.98297784,-23.24617672,4393238987.99596,0.1329,9234751446.39246
2026-03-04 15:33:37.459146,2026-03-04,1975,15,708099970.4525867,1000000000.0,12.453820123613946,1087771531.3905065,1076156417.8454058,11615113.54510083,-10.779,-0.5800687,-1.82752819,2.28946164,-7.80305037,-34.28948925,-40.2211361,8818549661.552864,0.2668,12453820123.61888
2026-03-04 15:33:37.459146,2026-03-04,5994,27,589243742059209.9,589500284160680.1,7.76832957134532e-06,225438719.4521874,225264001.5584156,174717.89377171552,0.1007,-0.34066844,-0.01340346,-9.05797474,-19.58367464,-33.14872859,-38.83003588,4577439586.168734,0.1385,4579839637.031845
2026-03-04 15:33:37.459146,2026-03-04,6636,33,1671149579.0101995,1671149579.0101995,2.159789823796402,270141730.95963216,269661177.69022644,480553.2694057474,-28.5108,-1.33507534,0.79220331,18.81483526,-0.14597527,-29.68066364,-35.44611093,3609331854.7878704,0.1092,4535558629.969141
2026-03-04 15:33:37.459146,2026-03-04,28321,52,10601927073.046022,10601927083.046022,0.1444244014071829,111071174.92781653,110733624.32581694,337550.6019995883,-30.9568,-0.41269281,0.81700358,-10.82773468,-2.70339469,-12.79769331,-21.23757857,1531176971.2872794,0.0463,1531176972.733217
2026-03-04 15:33:37.459146,2026-03-04,2,22,76911876.98347135,84000000.0,77.81918204660036,510797620.7175225,510025722.1524004,771898.5651221777,-10.6544,-0.43573068,0.68455871,3.46084522,-7.10885086,-34.03410699,-36.66857379,5985219356.522489,0.181,6536811291.908118
2026-03-04 15:33:37.459146,2026-03-04,1831,11,20002471.875,20002471.875,629.1102541670043,461426623.2947459,458721935.2219143,2704688.072831759,-19.8748,-0.55638854,-0.78415976,-12.00253167,-14.63883182,-29.82128552,-25.81385807,12583760165.249603,0.3807,13211315337.507336
2026-03-04 15:33:37.459146,2026-03-04,7083,34,633795562.7465303,898430420.0366303,5.545513552025662,380298860.0128985,377478697.7130205,2820162.299877975,-11.4681,-1.36326531,-0.25102356,11.39790202,0.4033246,-35.80420283,-36.84570266,3514721882.424615,0.1063,4982258069.864388
2026-03-04 15:33:37.459146,2026-03-04,6535,39,1289252866.0,1289252866.0,1.9552056469681205,742514704.5918195,742408144.0538664,106560.53795307272,-26.6189,-1.83658235,-3.03610335,38.83650185,15.03663581,-19.45944296,-26.78733655,2520754483.9730334,0.0763,2520754483.9745774
2026-03-04 15:33:37.459146,2026-03-04,512,19,32985091890.39495,50001786883.65895,0.2146249394352022,171409204.29173082,171212430.89208344,196773.39964741343,-4.7612,-0.734632,-1.5988037,-1.98272286,-14.17517923,-33.92829647,-41.5470366,7079423349.240596,0.2142,10731634758.673689
2026-03-04 15:33:37.459146,2026-03-04,3794,58,496027140.0,496027140.0,2.596481336056775,90753356.53905664,89890885.25129111,862471.2877655261,4.7328,-0.13022559,-1.44780389,-11.7186235,-6.70537418,-18.23400918,-22.94614629,1287925211.1876209,0.039,1287925211.193504
2026-03-05 21:11:25.610511,2026-03-05,1,1,19998093.0,19998093.0,103210.17144953473,94493360657.60916,94354786011.04053,138574646.56862196,13.1187,0.190593,1.27107812,5.96978967,-7.31292584,-20.4880143,-20.34387794,2064006607193.7405,59.3129,2167413600440.224
2026-03-05 21:11:25.610511,2026-03-05,1027,2,120692108.97549808,120692108.97549808,3017.8756458802736,42969707717.44983,42679348919.15477,290358798.29507804,13.4487,-0.09451626,1.89110253,2.2355314,-7.38556397,-32.37497824,-32.10900772,364233776327.0836,10.4669,364233776327.08014
2026-03-05 21:11:25.610511,2026-03-05,1839,4,136358541.8,136358541.8,930.941577790402,2941378995.8527327,2870340283.304047,71038712.54868573,17.766,0.36721061,0.6705834,4.18928725,-15.04120935,-25.99405384,-26.52812463,126941836048.49052,3.6479,126941836048.49216
2026-03-05 21:11:25.610511,2026-03-05,5426,7,569763750.3521521,621597889.3061855,129.42648475668562,8418498748.48993,8418465601.409946,33147.079984948046,2.1982,0.17249066,0.67527183,3.07283091,-11.46051408,-32.22800043,-33.23816683,73742519349.86484,2.1191,80451229745.0733
2026-03-05 21:11:25.610511,2026-03-05,52,5,61090376977.0,99985708785.0,2.0256904251859087,5492231911.983384,5485860285.325134,6371626.658250017,19.3737,0.31625918,0.81407527,-1.81820355,-11.07186018,-31.47695825,-30.7922281,123750191713.30658,3.5562,202569042518.5946
2026-03-05 21:11:25.610511,2026-03-05,74,9,153281356383.70526,153281356383.70526,0.1365846790938368,3526169605.991863,3522774807.602192,3394798.3896709546,67.787,-0.05690705,3.80408524,-3.82914804,-10.37880035,-36.94144572,-33.51688177,20935884872.73642,0.6016,20935884872.74154
2026-03-05 21:11:25.610511,2026-03-05,2010,10,36078864112.21547,44994838422.19901,0.3874300678131134,1213185567.389083,1210487448.2642317,2698119.124851288,3.9242,0.03048974,-0.15531285,-7.34703431,-7.96460981,-32.39162111,-36.76843617,13978036769.615744,0.4015,17434353051.588326
2026-03-05 21:11:25.610511,2026-03-05,1958,8,94742233291.6466,94742236559.0559,0.4036883803364695,904911386.2365094,904734408.9698794,176977.26662992346,11.8152,0.01864004,0.10903504,-0.70699529,0.29968464,-3.1251729,-0.27774776,38246338706.96476,1.0987,38246340025.98069
2026-03-05 21:11:25.610511,2026-03-05,5805,24,431771961.1772119,463441061.1772119,13.423827836729613,561722485.6143646,556568390.3878851,5154095.226479575,3.5139,-0.05235696,0.64677222,0.74614787,-6.12418594,-32.76250177,-32.44563158,5796032471.569995,0.1666,9608087578.218252
2026-03-05 21:11:25.610511,2026-03-05,11419,28,2452840181.384961,5155871705.21176,1.9103575673623407,147797787.93935367,143860108.2005626,3937679.738791072,19.2531,-0.09859364,3.18548259,3.73059381,-1.72579333,-27.27247565,-15.07544691,4685801802.039178,0.1347,9849558528.398005
2026-03-05 21:11:25.610511,2026-03-05,1975,15,708099970.4525867,1000000000.0,13.179482558245274,1261734006.8677323,1255308204.9090712,6425801.958661997,8.1703,-0.08035621,0.49182774,-0.19543424,-3.46016422,-30.65760278,-34.05964359,9332391210.07386,0.2682,13179482558.246094
2026-03-05 21:11:25.610511,2026-03-05,5994,27,589243742059209.9,589500284160680.1,8.008793374256757e-06,212469989.4215506,212141210.75156516,328778.6699854999,-2.2516,0.07802781,0.77902291,-8.51996631,-17.17542245,-35.42377268,-33.3489869,4719131377.226058,0.1356,4721605720.158636
2026-03-05 21:11:25.610511,2026-03-05,6636,32,1671583119.1053264,1671583119.1053264,2.1695971939068768,264623931.78892872,264254685.2737139,369246.5152148784,-8.412,-0.69679359,-1.77812213,-5.86395228,0.59267512,-28.95621236,-31.89507968,3626662044.593021,0.1042,4556154107.198587
2026-03-05 21:11:25.610511,2026-03-05,28321,52,10602502283.19926,10602502293.19926,0.1460317853629135,121793293.66014022,121576202.76250376,217090.89763645112,13.2906,0.0868688,-1.20942979,-7.37699773,-12.33504391,-14.13804776,-16.37577867,1548302337.7299552,0.0445,1548302339.189705
2026-03-05 21:11:25.610511,2026-03-05,2,21,76916283.23347135,84000000.0,80.38708854725935,561006230.073385,560187133.0634565,819097.0099284118,1.0983,0.15686459,0.91412295,0.51066596,-5.30208213,-31.39938856,-31.14634607,6183076071.0151415,0.1776,6752515437.969988
2026-03-05 21:11:25.610511,2026-03-05,1831,11,20003034.375,20003034.375,658.035090692145,609340798.1209922,606425141.8422931,2915656.278699029,11.8012,0.52594351,0.84581574,-7.67175567,-12.23025401,-28.62355945,-18.38583449,13162698539.071218,0.3783,13818736904.536123
2026-03-05 21:11:25.610511,2026-03-05,7083,34,633755562.7465303,898390420.0366303,5.682558582088012,421506618.3053684,418282133.1695884,3224485.135780032,-0.575,-0.4945087,-1.31837382,-0.94157416,2.76255554,-32.4012356,-31.28908233,3601353112.031313,0.1035,5105156191.451175
2026-03-05 21:11:25.610511,2026-03-05,6535,43,1289383171.0,1289383171.0,1.8406542853106056,437119976.98860246,437061363.58906734,58613.39953516017,-27.1486,-1.74419235,-6.47455953,14.1512056,8.64948907,-24.76188576,-25.31671705,2373308659.108528,0.0682,2373308659.108138
2026-03-05 21:11:25.610511,2026-03-05,512,19,32985990215.50566,50001786883.65895,0.2253485950024819,210142462.7297996,209757620.3337547,384842.39604487526,10.7594,0.00489745,1.61277025,-3.71245427,-10.20940285,-31.88080853,-36.45422489,7433346549.829816,0.2136,11267836912.662806
2026-03-05 21:11:25.610511,2026-03-05,3794,58,496198300.0,496198300.0,2.6611676866645384,79249197.15094292,78196996.2739028,1052200.87704013,-17.431,0.06993045,-1.2264813,-2.84561001,-6.03760077,-18.20461363,-17.5333828,1320466882.1378767,0.0379,1320466882.143251
2026-03-06 23:14:08.167503,2026-03-06,1,1,19998659.0,19998659.0,99890.14662212774,62210802366.11144,62083833533.28668,126968832.82476972,-34.6148,-1.01820072,-4.28678624,5.82878656,-8.04881429,-24.94993225,-22.03101643,1997668979755.9343,58.806,2097693079064.6885
2026-03-06 23:14:08.167503,2026-03-06,1027,2,120692086.13239282,120692086.13239282,2915.032901337667,27984313406.52635,27781836638.56551,202476767.9608152,-32.5715,-1.00565877,-4.51290544,3.88763731,-9.49977585,-35.83173796,-32.89109702,351821402007.0047,10.318,351821402007.0028
2026-03-06 23:14:08.167503,2026-03-06,1839,4,136358490.57999998,136358490.57999998,909.3995558953836,2089710498.2140484,2015135110.136076,74575388.07797194,-27.6384,-0.428853,-3.38664898,3.46681683,-15.06644361,-29.86248621,-28.04858411,124004350776.01682,3.6367,124004351894.5759
2026-03-06 23:14:08.167503,2026-03-06,5426,7,569935883.1876935,621731688.0033146,123.9954287109262,5539501151.279152,5539434802.800802,66348.47835055592,-32.6085,-1.05801389,-5.50217484,3.83387061,-9.58600476,-36.0350396,-34.74116644,70669444173.59842,2.0726,77091887197.13646
2026-03-06 23:14:08.167503,2026-03-06,52,5,61160154774.0,99985705309.0,1.9874483058796768,3199759308.496897,3194837149.1875925,4922159.309304632,-41.5311,-0.75906022,-3.34663561,0.55438573,-12.71123791,-34.78563599,-31.52451923,121552645992.92513,3.5648,198744830587.96432
2026-03-06 23:14:08.167503,2026-03-06,74,9,153296426383.70523,153296426383.70523,0.1328556285024393,1381991197.3160906,1380686165.8374205,1305031.4786699018,-61.5655,-0.52024854,-3.11556541,-2.24953129,-13.39923445,-36.99315632,-33.43014376,20366293074.38507,0.5973,20366293074.38321
2026-03-06 23:14:08.167503,2026-03-06,2010,10,36084984315.23032,44994740386.32195,0.3789032966378876,650511860.681829,648791457.5947541,1720403.0870749892,-46.2129,-0.88349233,-3.39910543,-6.24020629,-10.65669256,-33.60591855,-35.92111728,13672719516.167234,0.4025,17050648348.711187
2026-03-06 23:14:08.167503,2026-03-06,1958,8,94742462206.2589,94742466300.8535,0.4097813856802783,787650174.2337878,787051867.1987411,598307.0350465692,-9.9301,-0.05226256,0.84609987,0.64521832,0.04565701,-1.86497903,-1.14159058,38823697445.642166,1.1429,38823699123.53222
2026-03-06 23:14:08.167503,2026-03-06,5805,24,431771961.1772119,463441061.1772119,13.162905623663498,336243074.75882274,331557223.838445,4685850.920377802,-38.4456,-1.06851779,-2.66578832,2.00423761,-8.01056915,-35.04321404,-30.40869877,5683373575.919741,0.1667,9421332838.453722
2026-03-06 23:14:08.167503,2026-03-06,11419,27,2452940174.4386306,5155975913.276998,1.8926736976230116,127374205.61481372,124253448.15705796,3120757.4577557803,-13.5754,-0.51022149,-2.88570512,1.48832948,-4.87721637,-28.95317839,-15.7273135,4642615350.002797,0.1362,9758579996.6368
2026-03-06 23:14:08.167503,2026-03-06,1975,15,708099970.4525867,1000000000.0,12.90495192886145,1029505731.4596684,1011999047.7108744,17506683.748793617,-18.9951,-1.20691513,-3.94851619,2.15029272,-5.75414936,-33.55596406,-34.44501589,9137996079.518845,0.269,12904951928.855064
2026-03-06 23:14:08.167503,2026-03-06,5994,28,589243742014103.5,589500284115573.6,7.852296063972551e-06,151687004.09977594,151486987.612864,200016.48691194737,-29.4469,-1.0032928,-2.67097449,-6.18131088,-18.82926607,-36.76116846,-35.17023865,4626916316.137802,0.1362,4629342309.069674
2026-03-06 23:14:08.167503,2026-03-06,6636,33,1671911036.827293,1671911036.827293,2.1475037138249182,215958950.3504281,215621315.76098925,337634.58943889034,-17.2417,-1.19802787,-1.27791864,-3.80604161,0.18971619,-28.88370469,-28.68694509,3590435160.771481,0.1053,4509757799.030443
2026-03-06 23:14:08.167503,2026-03-06,28321,52,10603077444.663864,10603077454.663864,0.1417016443547687,104366916.8436908,104173206.49180628,193710.35188451945,-14.7154,-0.82569421,-3.66742448,-10.51879466,-9.24616414,-17.79865677,-18.28546209,1502473509.1298292,0.0441,1502473510.550979
2026-03-06 23:14:08.167503,2026-03-06,2,22,76920545.73347135,84000000.0,78.20625838028401,452791556.4167576,451009010.3238461,1782546.092911495,-21.7282,-0.83511419,-2.39648494,0.04900959,-8.89117866,-33.22321427,-32.51668038,6015668074.384314,0.1764,6569325703.937077
2026-03-06 23:14:08.167503,2026-03-06,1831,11,20003509.375,20003509.375,646.9236441339806,413728328.6990562,412604123.5643237,1124205.134732463,-32.2643,-0.81255204,-2.2468527,-4.68566848,-14.38481095,-30.73717726,-23.8314189,12940743180.343245,0.3795,13585396526.814556
2026-03-06 23:14:08.167503,2026-03-06,7083,34,633733562.7465303,898368420.0366303,5.578155182362607,349053767.88535094,346196058.5968905,2857709.2884605303,-18.0897,-1.46280664,-3.46240589,3.31291611,1.40661783,-33.68648083,-28.81214898,3535064157.2716765,0.1037,5011238457.900318
2026-03-06 23:14:08.167503,2026-03-06,6535,44,1289460870.0,1289460870.0,1.7883626020236632,270668861.5035596,270648906.5874933,19954.916066306527,-34.8138,-0.61023384,-3.08607746,11.77246881,5.82231176,-27.10438644,-26.59779981,2306023596.6808968,0.0676,2306023596.6870365
2026-03-06 23:14:08.167503,2026-03-06,512,19,32986432903.827824,50001786883.65895,0.2232263573952672,158616664.76720443,158472264.21643373,144400.55077073484,-24.3642,-1.23380704,-2.1848482,-2.17617076,-10.69603974,-32.62285046,-34.94714335,7363441260.584872,0.216,11161721197.823706
2026-03-06 23:14:08.167503,2026-03-06,3794,58,496367200.0,496367200.0,2.583489095691814,66930457.53320412,65881733.0983433,1048724.4348608328,-14.7302,-1.25046877,-3.53712001,-4.03558519,-12.1222192,-20.69472051,-18.28166116,1282359248.659078,0.0376,1282359248.664841
2026-03-09 16:00:53.232747,2026-03-09,1,1,19999775.0,19999775.0,96072.00244699894,52833097051.11456,52777180340.67237,55916710.442184135,51.5738,-0.02079502,0.80618227,0.51373741,-5.00233981,-26.10210943,-25.29907498,1921418432739.428,58.1706,2017512051386.9707
2026-03-09 16:00:53.232747,2026-03-09,1027,2,120692044.83509944,120692044.83509944,2829.13932068117,26233673380.02544,26062810035.23024,170863344.79520786,65.4273,0.06602986,2.11137707,0.31064949,-5.18785088,-37.2017233,-36.33806676,341454609736.39453,10.3375,341454609736.3972
2026-03-09 16:00:53.232747,2026-03-09,1839,4,136358397.87,136358397.87,891.3853176544069,1954200565.7999744,1879628121.2914128,74572444.50856215,21.0238,0.02660195,1.30458436,0.07366889,-4.90930602,-30.25597552,-30.05515491,121547873800.19595,3.6798,121547874531.13652
2026-03-09 16:00:53.232747,2026-03-09,5426,7,570675742.5806768,621864709.2567955,119.12072569664916,4398018809.366819,4397969956.596319,48852.77050084364,56.4715,0.22539158,1.61546303,-1.08577455,-4.86611529,-39.43633048,-37.21553942,67979308593.684364,2.0581,74076975451.81035
2026-03-09 16:00:53.232747,2026-03-09,52,5,61227832454.0,99985701766.0,1.9262378378966551,2694197073.1088324,2685887929.8941674,8309143.214666175,59.2776,-0.24644084,0.24328975,-1.42037343,-7.7670616,-37.63702464,-34.46444223,117939367605.2916,3.5706,192623783789.6695
2026-03-09 16:00:53.232747,2026-03-09,74,9,169045053126.57913,169045053126.57913,0.1294249560085998,1468028379.267873,1466935611.4268394,1092767.8410332657,82.7118,0.13250116,1.77106267,-2.81409143,-7.60106763,-38.3711028,-35.59691655,21878648564.37893,0.6624,21878648564.37292
2026-03-09 16:00:53.232747,2026-03-09,2010,10,36084984315.23032,44994740386.32195,0.3626832195689205,636738613.4159445,635718762.0905237,1019851.325420764,23.3712,0.08735394,1.30972115,-8.135056,-7.39535463,-36.68859877,-40.47605753,13087418289.541733,0.3962,16320744880.598516
2026-03-09 16:00:53.232747,2026-03-09,1958,8,94745941522.20367,94745935444.6372,0.4135507021484865,731887799.5759969,731737617.6190922,150181.9569048851,39.4606,-0.38635216,1.0292728,2.86044069,4.98644948,-2.94477414,2.82768657,39182250642.226776,1.1862,39182248128.842606
2026-03-09 16:00:53.232747,2026-03-09,5805,24,431771961.1772119,463441061.1772119,12.878236443469111,313228664.9190471,309908445.1177816,3320219.801265521,42.3939,0.4475575,2.14010111,-0.94198182,-2.60679595,-36.01065214,-34.0553858,5560461405.7005005,0.1683,9217581237.39646
2026-03-09 16:00:53.232747,2026-03-09,11419,27,2453180714.308631,5156227848.585749,1.8817601930504952,105106800.87090737,102675661.23324773,2431139.6376596,21.4957,0.14893213,1.56767399,8.89023769,-5.6562367,-29.44515282,-18.17035095,4616297814.545161,0.1398,9702784311.763493
2026-03-09 16:00:53.232747,2026-03-09,1975,15,708099970.4525867,1000000000.0,12.459212270237556,880337363.2990578,869624096.2006195,10713267.0984385,44.2966,0.40916005,1.86192288,-1.09122187,-2.04302163,-35.07384451,-36.02766653,8822367840.417719,0.2671,12459212270.24357
2026-03-09 16:00:53.232747,2026-03-09,5994,28,589243731724307.4,589500273977933.1,7.65162633386241e-06,132953529.15015556,132907965.60930882,45563.5408466952,32.7524,0.30308859,1.78073972,-4.83730875,-14.7623752,-39.25744441,-36.74295615,4508672854.725067,0.1365,4511036928.818447
2026-03-09 16:00:53.232747,2026-03-09,6636,33,1672750086.062281,1672750086.062281,2.123156350731595,208978744.6133808,208577544.39976668,401200.2136141165,20.6698,1.02935278,3.74448665,-4.85367525,8.02069219,-30.50085198,-29.54131063,3551509968.4099536,0.1075,4458628336.531293
2026-03-09 16:00:53.232747,2026-03-09,28321,54,10604803276.091208,10604803286.091208,0.1384257132584805,84036798.20632897,83855488.58196087,181309.62436811265,19.2833,0.764125,3.44340817,-10.6208074,1.04170492,-24.69870266,-20.87951809,1467977457.4587967,0.0444,1467977458.840666
2026-03-09 16:00:53.232747,2026-03-09,2,23,76930101.98347135,84000000.0,76.38628485365518,452209912.6904732,451529890.1299393,680022.5605337871,28.5871,0.30437643,0.89558475,-1.05889299,-2.19795375,-34.58465538,-35.68893382,5876404683.930186,0.1779,6416447927.713689
2026-03-09 16:00:53.232747,2026-03-09,1831,11,20004740.625,20004740.625,643.5743255811816,341106166.40204793,338458263.1112893,2647903.290758525,16.6896,-0.05525492,0.67930285,0.23890334,-14.12633306,-29.79041318,-21.47824209,12874537456.16084,0.3898,13515060837.207678
2026-03-09 16:00:53.232747,2026-03-09,7083,34,633689562.7465303,898324420.0366303,5.361955410997993,272556089.6330836,270925264.1416466,1630825.491436896,41.0147,0.41999378,1.35201826,-1.78298701,5.13507592,-34.24227515,-31.42582172,3397815179.86171,0.1029,4816775484.850983
2026-03-09 16:00:53.232747,2026-03-09,6535,44,1289694836.0,1289694836.0,1.7663569843724196,279180216.76468897,279120549.8742676,59666.890421381446,109.0936,-0.52535003,2.62562671,4.0116944,13.44183029,-27.61936101,-27.75790365,2278061481.2776423,0.069,2278061481.276216
2026-03-09 16:00:53.232747,2026-03-09,512,19,32993440058.13552,50001786883.65895,0.2154798516142851,122251964.22756106,122100106.63577443,151857.59178660443,14.5136,0.27723141,1.77925759,-2.99676675,-7.27850044,-35.49104039,-36.84646,7109421567.971852,0.2152,10774381912.297651
2026-03-09 16:00:53.232747,2026-03-09,3794,57,496878180.0,496878180.0,2.4782958195167644,65614548.82608971,64997908.720286585,616640.1058031105,14.1743,0.03075498,-1.63377464,-5.18338696,-13.61101969,-28.19408796,-21.66243073,1231411116.3030982,0.0373,1231411116.2969997
2026-03-11 08:47:16.998649,2026-03-11,1,1,20000506.0,20000506.0,97963.09937316754,74934832532.79538,74834562961.35455,100269571.44082612,1.5614,-0.76642427,1.12043732,2.55739812,-1.42158721,-22.78717857,-24.56847247,1959311556791.6335,58.6882,2057225086836.5225
2026-03-11 08:47:16.998649,2026-03-11,1027,2,120692024.56267609,120692024.56267609,2840.842892119621,34630139647.460464,34388978362.08348,241161285.3770021,0.8797,-1.00775301,-0.29665202,2.97719233,-3.52313482,-34.28394528,-39.67484541,342867080114.405,10.2701,342867080114.4102
2026-03-11 08:47:16.998649,2026-03-11,1839,4,136358306.54,136358306.54,901.330552078484,2253497885.036936,2177695283.5736074,75802601.46332756,-3.3187,-0.32796284,0.35409063,1.83511578,-0.01262664,-28.21777288,-28.70870539,122903907714.18536,3.6814,122903908128.79327
2026-03-11 08:47:16.998649,2026-03-11,5426,7,570795763.0756902,621998314.3354099,120.20952997141632,6148242192.118711,6148196014.394804,46177.72390722571,0.2924,-0.7228306,-0.47703418,0.91979937,-0.95381757,-37.00027152,-37.88383654,68615090389.00462,2.0553,74770125009.26772
2026-03-11 08:47:16.998649,2026-03-11,52,5,61227832454.0,99985701766.0,1.9464226503311968,4707529556.645727,4704551922.02055,2977634.6251793536,27.0535,-0.48373367,0.8151352,2.38840746,-2.88281909,-33.59083299,-32.52074104,119175239919.14915,3.5697,194642265033.1158
2026-03-11 08:47:16.998649,2026-03-11,74,9,153356276383.70523,153356276383.70523,0.1327337814065975,2810580687.94895,2807763434.6847134,2817253.2642359706,59.2084,-0.31797839,3.4096991,5.97424184,-1.66737018,-32.6413011,-35.0500529,20355558466.844486,0.6097,20355558466.84231
2026-03-11 08:47:16.998649,2026-03-11,2010,10,36084984315.23032,44994740386.32195,0.3679525123100624,894036178.9211633,892223939.6345828,1812239.2865806357,11.8004,-0.61979411,1.33296262,0.21365441,-2.84020177,-33.12069428,-42.96476727,13277560635.458197,0.3977,16557863053.95172
2026-03-11 08:47:16.998649,2026-03-11,1958,8,94745703958.1207,94745701100.8282,0.400552590358755,617553551.193046,617407265.0488174,146286.14422850165,-21.6797,-0.04201593,-0.25427727,1.66006934,2.34333077,-4.55249709,1.69501991,37950637145.788994,1.1368,37950636001.29393
2026-03-11 08:47:16.998649,2026-03-11,5805,23,431771961.1772119,463441061.1772119,13.430119282229644,537783703.3467516,530997657.94538224,6786045.401369408,-0.0226,-0.69413603,2.36292457,5.11597944,5.78873401,-30.68568459,-33.24579843,5798748941.332183,0.1737,9612590672.277594
2026-03-11 08:47:16.998649,2026-03-11,11419,28,2453333997.7431846,5156386871.056052,1.8654275770368656,100105407.20264976,98015776.10904424,2089631.0936054771,-3.0236,0.37462929,-1.13630976,7.12065921,-4.98705337,-23.30891095,-21.3715834,4576516895.072236,0.1371,9618866267.144482
2026-03-11 08:47:16.998649,2026-03-11,1975,15,708099970.4525867,1000000000.0,12.580936117555678,1024521731.1755018,1011263597.0910004,13258134.084501218,-6.1652,-0.44583785,-0.43362505,2.80552336,1.83833794,-31.74845708,-37.57798944,8908560493.107056,0.2668,12580936117.559725
2026-03-11 08:47:16.998649,2026-03-11,5994,27,589243724581995.4,589500268135198.2,7.965060937379855e-06,292759510.43043846,292259773.77328604,499736.6571524469,79.9807,-0.54675339,3.39195664,3.84771421,-7.01507696,-34.34751192,-34.60237769,4693362173.264266,0.1406,4695823144.124346
2026-03-11 08:47:16.998649,2026-03-11,6636,33,1673284405.9922931,1673284405.9922931,2.0974440776189387,218559096.9990416,218433160.7133856,125936.28565598054,-8.4856,-0.67597747,-0.6967552,-1.54013193,12.05980482,-28.26192145,-33.14559627,3509620467.5206594,0.1051,4404632563.006709
2026-03-11 08:47:16.998649,2026-03-11,28321,54,10605378802.121828,10605378812.121828,0.1353376082129284,82219263.1841763,82099769.5837829,119493.6003933957,-4.9269,-0.45539162,0.10226917,-4.03793183,1.53816412,-37.41895023,-23.20137769,1435306601.2712607,0.043,1435306602.6215112
2026-03-11 08:47:16.998649,2026-03-11,2,22,76936426.98347135,84000000.0,75.4029768920274,443451684.04226536,442722637.4322218,729046.6100435631,-3.4503,-0.48722081,-0.75958384,-1.37465968,-0.77115619,-33.86695718,-37.04762658,5801235625.989844,0.1738,6333850058.928737
2026-03-11 08:47:16.998649,2026-03-11,1831,11,20005546.875,20005546.875,625.0817760875357,457523587.4006802,454955540.901456,2568046.499224142,3.2439,-0.44398125,-1.19253205,0.99206966,-15.41360575,-29.51024663,-22.6786202,12505102772.22745,0.3746,13126717297.835129
2026-03-11 08:47:16.998649,2026-03-11,7083,34,633649562.7465303,898284420.0366303,5.407259276442964,338725481.0893396,336094215.5363444,2631265.552995315,-10.2402,-0.5018603,-1.53356412,-0.08445974,11.47564394,-29.64601098,-32.93967251,3426307476.175204,0.1026,4857256763.123103
2026-03-11 08:47:16.998649,2026-03-11,6535,44,1289849790.0,1289849790.0,1.7901054533527687,332158098.01734585,332128178.3959224,29919.621423452776,8.0834,-1.15043818,2.11255405,-5.52055778,23.45898096,-25.07912658,-28.93783633,2308967143.0849237,0.0692,2308967143.080206
2026-03-11 08:47:16.998649,2026-03-11,512,19,33003242434.40587,50001786883.65895,0.2243527461970021,234216234.1835993,233901035.6813606,315198.50223871204,59.2674,-0.87833568,4.79992112,6.34783471,-0.83885055,-29.44962449,-36.64164222,7404368073.56439,0.2218,11218042673.085823
2026-03-11 08:47:16.998649,2026-03-11,3794,57,497049440.0,497049440.0,2.5053910303365474,71280589.84726284,69687456.09170368,1593133.7555591613,2.8531,-0.73080861,1.93971616,-0.86194277,-8.44634429,-31.78296486,-22.3471656,1245303208.609804,0.0373,1245303208.614596
2026-03-12 20:21:57.997430,2026-03-12,1,1,20001134.0,20001134.0,97755.10766171584,61791624872.27186,61679798263.592064,111826608.67978647,-8.9088,-0.54634374,0.09056617,-3.95423589,0.6178866,-23.1810715,-24.58173058,1955213007526.4048,58.5504,2052857260896.04
2026-03-12 20:21:57.997430,2026-03-12,1027,2,120691977.44783103,120691977.44783103,2865.5241690104704,26740675858.48761,26601197758.798737,139478099.68886033,-9.1941,-0.4001484,1.11071495,-3.93143106,0.9770318,-34.14065754,-37.13844504,345845778382.4265,10.3566,345845778382.43164
2026-03-12 20:21:57.997430,2026-03-12,1839,4,136358209.68,136358209.68,907.4150679815604,2354592968.195931,2263538430.8037014,91054537.39222915,14.6547,-0.16859716,0.71737718,-1.18899259,2.61384403,-29.30799963,-27.10172323,123733494106.62106,3.7053,123733495295.33876
2026-03-12 20:21:57.997430,2026-03-12,5426,7,571113617.4850934,622132051.6678602,120.08367462235977,5575067206.611986,5575002302.438578,64904.17340828872,-1.6053,-0.44727696,0.19879393,-6.28199237,0.88404299,-37.33810936,-37.98471616,68581421814.47879,2.0537,74707902864.62332
2026-03-12 20:21:57.997430,2026-03-12,52,5,61227832454.0,99985701766.0,1.9332801298383784,3288049693.88076,3283142834.863004,4906859.017757086,-22.7465,-0.0889075,0.11632924,-3.38087111,-3.67346003,-34.21465551,-32.18066621,118370551876.3916,3.5447,193328012983.84268
2026-03-12 20:21:57.997430,2026-03-12,74,9,169088403126.5791,169088403126.5791,0.1299770823463235,1610340747.2641633,1609419758.0123284,920989.2518349532,-48.114,-0.37435193,0.73780391,-3.74119664,-1.1744887,-33.85429527,-34.09691987,21977617296.99172,0.6581,21977617296.998657
2026-03-12 20:21:57.997430,2026-03-12,2010,11,36087496074.63719,44994543382.79319,0.3654649890566617,654749252.4710937,649639858.8501552,5109393.620938352,-28.5323,-0.35537006,0.95617893,-4.66245675,-1.76899017,-33.57423,-38.60156401,13188716357.999603,0.3949,16445924507.555004
2026-03-12 20:21:57.997430,2026-03-12,1958,8,94747026975.6728,94747029107.3984,0.4068481067625215,718542021.3013824,718376585.3929923,165435.90839034758,11.6056,-0.00958525,0.83306059,1.93895049,4.58120588,-2.87278427,4.39624103,38547648546.43002,1.1543,38547649413.71752
2026-03-12 20:21:57.997430,2026-03-12,5805,22,431771961.1772119,463441061.1772119,13.388847653807163,367548799.5904,361586642.8501519,5962156.740248166,-31.8938,-0.80366612,-0.18704527,0.5598604,7.48052962,-30.85275731,-29.75696861,5780929009.387232,0.173,9583050557.094715
2026-03-12 20:21:57.997430,2026-03-12,11419,28,2453470824.336941,5156527507.921403,1.8844410392417976,105649416.59354492,103782338.5685081,1867078.025036804,-7.5588,0.26676247,3.35854461,-0.40472145,-1.68660008,-22.95367574,-17.59679687,4623421109.962935,0.1385,9717172055.89964
2026-03-12 20:21:57.997430,2026-03-12,1975,15,708099970.4525867,1000000000.0,12.559545404025084,871852647.5748872,868088374.1838337,3764273.3910534303,-7.3303,-0.22244817,0.40998668,-3.92660473,4.23823979,-32.24483447,-36.11368319,8893413729.488083,0.2663,12559545404.02058
2026-03-12 20:21:57.997430,2026-03-12,5994,27,589243713465540.4,589500260539286.0,8.177278916398446e-06,196649136.12456685,196352036.78140357,297099.3431633513,-34.0595,-0.14460315,3.56640915,3.44780688,-2.77748433,-32.89861643,-30.79434122,4818410194.742091,0.1443,4820936825.651089
2026-03-12 20:21:57.997430,2026-03-12,6636,33,1673559680.3127615,1673559680.3127615,2.1153400028828457,170502739.98705164,170284472.746935,218267.2401166581,-11.7702,-0.39217418,0.86261179,-1.8871192,16.96894083,-28.74303195,-26.21283741,3540147738.9774117,0.106,4442214006.058311
2026-03-12 20:21:57.997430,2026-03-12,28321,53,10606529548.272633,10606529558.272633,0.1381902854183967,82071898.37281968,81943242.59484217,128655.77797749052,6.4066,0.39626471,2.10014105,-4.33862908,5.98824092,-42.90717532,-18.87590254,1465719345.5744536,0.0439,1465719346.9521472
2026-03-12 20:21:57.997430,2026-03-12,2,21,76941451.98347135,84000000.0,76.05255265749967,418432772.38233066,417910384.1215638,522388.2607668861,0.4314,-0.34114771,0.53716019,-4.43632437,1.14598917,-33.24788371,-35.12339376,5851593828.517438,0.1752,6388414423.228872
2026-03-12 20:21:57.997430,2026-03-12,1831,12,20006240.625,20006240.625,638.3700465583125,387280788.2251986,384493934.2449477,2786853.980250745,-5.2647,-0.11583943,1.24486956,-1.53464921,-13.07351057,-30.17860472,-21.41682939,12771384759.238054,0.3824,13405770977.723597
2026-03-12 20:21:57.997430,2026-03-12,7083,34,633625562.7465303,898260420.0366303,5.444621414530102,270572939.3642601,268776104.5960918,1796834.7681681958,-14.4788,-0.41161027,0.9543214,-3.95218314,14.54500008,-29.6280825,-30.55605367,3449851307.723446,0.1033,4890687918.752231
2026-03-12 20:21:57.997430,2026-03-12,6535,43,1289978834.0,1289978834.0,1.8497589726223091,279322162.7802748,279307447.1593038,14715.620970955266,-8.5844,-0.50966041,3.54964265,0.25850841,31.29906719,-22.3811642,-22.40850229,2386149922.684365,0.0715,2386149922.6813745
2026-03-12 20:21:57.997430,2026-03-12,512,19,33003964329.72017,50001786883.65895,0.2226160656928594,145162269.79557538,145003310.94656467,158958.84901070196,-39.2385,-0.0423784,1.41540271,-0.21249585,0.64909299,-30.51077062,-34.92382122,7347212691.349775,0.22,11131205510.015856
2026-03-12 20:21:57.997430,2026-03-12,3794,56,497388930.0,497388930.0,2.556814726355158,61159472.55314745,60289195.7561916,870276.7969558577,-12.7571,-0.77798276,0.10224598,-2.90617897,-4.86998389,-30.59462132,-16.55189053,1271731340.9500349,0.0381,1271731340.9503384
2026-03-13 22:19:50.749772,2026-03-13,1,1,20001578.0,20001578.0,102946.44461608658,69713372823.03688,69628508194.427,84864628.60987969,9.7539,0.13584973,2.77911211,2.70319105,8.53683608,-19.92688043,-19.98775268,2059091341811.336,59.0172,2161875336937.817
2026-03-13 22:19:50.749772,2026-03-13,1027,2,120691953.6332311,120691953.6332311,3023.306069990408,35361681246.185005,35106421954.53305,255259291.65196183,25.0532,0.10387234,2.78348377,3.09256369,9.36771382,-31.55209981,-31.95764301,364888716018.3485,10.4584,364888716018.35095
2026-03-13 22:19:50.749772,2026-03-13,1839,4,136358136.93,136358136.93,947.3598102588657,2702131058.588215,2597370871.6183567,104760186.969858,15.6899,-0.092518,2.30376907,4.25814803,13.00309075,-25.86415389,-25.35539759,129180218729.25722,3.7025,129180219828.20148
2026-03-13 22:19:50.749772,2026-03-13,5426,7,571236781.8290182,622265999.1433512,128.1604640380846,6945670865.125056,6945627083.973143,43781.151914320384,21.4702,0.53842172,3.94764305,2.64223646,11.5501864,-35.30313397,-32.70887873,73209971034.82907,2.0965,79749899205.33276
2026-03-13 22:19:50.749772,2026-03-13,52,5,61227832454.0,99985701766.0,2.028458851774245,4191520140.101771,4188754292.271276,2765847.830494762,23.9776,-0.27585595,2.71694868,1.79782132,4.58715954,-29.96347901,-29.95244742,124198138716.2667,3.5597,202845885177.4225
2026-03-13 22:19:50.749772,2026-03-13,74,9,153391206383.70526,153391206383.70526,0.1415168524725096,2149747179.6564026,2146872771.6397347,2874408.0166680813,27.0537,0.93670669,5.46145185,6.5359998,10.972764,-26.91996785,-28.52407379,21707440724.383102,0.6222,21707440724.38856
2026-03-13 22:19:50.749772,2026-03-13,2010,10,36087496074.63719,44994543382.79319,0.3903007303782517,782029477.4001209,779168172.2647549,2861305.135365881,16.3192,0.04005474,4.42188063,2.70604089,8.34449388,-28.84901906,-33.69374935,14084976075.453188,0.4037,17563532867.01898
2026-03-13 22:19:50.749772,2026-03-13,1958,8,94747588510.5717,94747588977.2963,0.410361065230666,600886423.6770792,600732913.1352081,153510.54187126277,-18.0371,-0.25616371,-0.22348126,0.68876453,5.32695014,-2.82423152,5.84726538,38880721349.235016,1.1144,38880721540.75688
2026-03-13 22:19:50.749772,2026-03-13,5805,21,431771961.1772119,463441061.1772119,14.215634609058482,498361032.2862213,492525923.31460327,5835108.97161805,29.9989,0.22588294,4.34147509,7.37665029,17.28657358,-26.48216095,-25.53827892,6137912434.531828,0.1759,10174822261.20097
2026-03-13 22:19:50.749772,2026-03-13,11419,28,2455753800.418054,5156627514.741505,1.853245344094297,140730604.30032524,137799677.56501135,2930926.7353138765,30.5885,0.32778999,-2.01999884,-1.99273589,0.48561776,-24.45545943,-19.58649351,4551114296.866634,0.1304,9556495932.92617
2026-03-13 22:19:50.749772,2026-03-13,1975,15,708099970.4525867,1000000000.0,13.204350916563882,1058274765.8879868,1042341178.108418,15933587.77956925,14.222,-0.0115292,2.48227595,1.74166405,13.0342715,-29.28921674,-33.08936479,9350000493.864471,0.268,13204350916.565523
2026-03-13 22:19:50.749772,2026-03-13,5994,26,589243711968756.5,589500259042502.1,8.708924244107102e-06,221727312.02494788,221329125.85539412,398186.1695536648,6.1438,1.69387413,3.21028381,10.46546286,5.80611349,-26.99058171,-26.88085699,5131678848.8523655,0.1471,5134369761.564444
2026-03-13 22:19:50.749772,2026-03-13,6636,35,1673933922.7840447,1673559680.3127615,2.1623930742057555,180947886.90020084,180597114.5673276,350772.3328732483,5.1183,-0.09291977,0.43819987,0.1435964,23.13089447,-25.74592609,-25.77944374,3619703121.30629,0.1037,4541025455.827207
2026-03-13 22:19:50.749772,2026-03-13,28321,54,10607104928.207142,10607104938.207142,0.1403127133219541,86257439.62405236,86141717.3934049,115722.2306474454,4.9819,0.63999364,-0.01929691,-1.12540872,11.35394373,-35.88371586,-18.52439287,1488311672.9674156,0.0427,1488311674.3769526
2026-03-13 22:19:50.749772,2026-03-13,2,22,76945220.73347135,84000000.0,79.56217758377034,421722175.5236916,419064936.5517947,2657238.971896981,-1.2378,0.26416535,2.82456714,1.35694038,8.11378185,-27.81947075,-31.52434607,6121929316.218855,0.1755,6683222917.032375
2026-03-13 22:19:50.749772,2026-03-13,1831,12,20006721.875,20006721.875,668.796142597344,523144460.7615117,519914344.72174096,3230116.039770765,32.3253,0.0976559,2.43588165,3.0727602,-7.81802766,-24.78397754,-18.50438486,13380418416.0179,0.3835,14044718994.545996
2026-03-13 22:19:50.749772,2026-03-13,7083,33,633593562.7465303,898228420.0366303,5.796842570497007,390585002.7533502,386666385.4441164,3918617.309233808,37.1536,-0.45338122,3.65512587,2.99785856,25.5410995,-24.26063256,-25.52577169,3672842136.921953,0.1053,5206888743.293434
2026-03-13 22:19:50.749772,2026-03-13,6535,44,1290055579.0,1290055579.0,1.9199385525030772,498058448.1297808,497999539.21361285,58908.91616803195,65.6997,0.12682486,1.02539934,7.11213103,42.08977219,-19.33192039,-19.69668464,2476827440.99378,0.071,2476827440.9915586
2026-03-13 22:19:50.749772,2026-03-13,512,18,33004235247.506264,50001786883.65895,0.234769401924466,149354784.41813973,149198976.83975315,155807.57838662734,-1.6984,0.05579687,3.23322454,4.46080857,7.79462596,-24.65438718,-30.80990715,7748384570.031427,0.2221,11738894280.399574
2026-03-13 22:19:50.749772,2026-03-13,3794,59,497559260.0,497559260.0,2.6399987558049465,60644825.482278295,59980921.50336646,663903.97891182,-1.2258,-0.01835522,1.75897203,1.67411303,-1.69754982,-27.68168997,-14.75544117,1313555827.3392298,0.0376,1313555827.3351183
2026-03-17 15:20:49.813919,2026-03-17,1,1,20002996.0,20002996.0,105407.29194539822,82400801395.46669,82314725356.10641,86076039.36029233,74.471,-0.62741927,0.9120164,6.95818588,5.98445952,-22.01373018,-14.49629912,2108461639154.633,58.4904,2213553130853.3623
2026-03-17 15:20:49.813919,2026-03-17,1027,2,120691856.22514506,120691856.22514506,3283.9519999368995,55199903742.27148,54875702345.13027,324201397.14126825,98.4844,-0.93206573,3.3873121,14.07655126,11.87572005,-29.73402294,-21.08152624,396346262626.66187,10.995,396346262626.6667
2026-03-17 15:20:49.813919,2026-03-17,1839,5,136357887.61,136357887.61,957.3852215866624,3350156366.3537245,3232864668.2348924,117291698.11883348,32.1397,-0.66155478,-0.96224869,5.49799463,6.15632554,-27.24811137,-21.50494038,130547026444.5891,3.6215,130547027583.87404
2026-03-17 15:20:49.813919,2026-03-17,5426,7,571364123.1320162,622397821.2393618,132.97889431963276,9015560940.501778,9015504022.76155,56917.74022552182,59.0453,-0.91560266,0.59354279,9.87492764,5.15438469,-33.92562939,-26.59628307,75979369348.00201,2.1077,82765774095.36342
2026-03-17 15:20:49.813919,2026-03-17,52,4,61227832454.0,99985701766.0,2.189289253666254,7166520936.237834,7157985743.511385,8535192.72645138,110.1403,-1.75026561,4.83867269,12.44880259,0.15908325,-25.21267042,-19.57206451,134045435616.8201,3.7185,218928925366.6184
2026-03-17 15:20:49.813919,2026-03-17,74,9,169153463126.57907,169153463126.57907,0.1432983246271196,3394206798.044226,3390433919.894542,3772878.149683524,89.1807,-1.36276637,0.93509017,10.45130263,-13.02214117,-27.42942789,-22.67552434,24239407870.914043,0.6724,24239407870.91513
2026-03-17 15:20:49.813919,2026-03-17,2010,11,36090735750.89706,44994534181.27696,0.4041194678309373,1497490819.7919016,1495122741.9186172,2368077.87328442,105.0986,-1.20835682,1.27434988,9.95455138,-4.55872359,-27.11981772,-25.15779902,14584968925.279509,0.4046,18185376052.38815
2026-03-17 15:20:49.813919,2026-03-17,1958,8,94750985213.3503,94750979512.0806,0.420502269081885,687184690.0082655,686992319.7585651,192370.24970029472,16.6662,0.31372182,-0.31770873,3.798162,5.34781933,-4.49529032,5.99748414,39843004279.95793,1.1053,39843001882.56556
2026-03-17 15:20:49.813919,2026-03-17,5805,22,431771961.1772119,463441061.1772119,14.67734273111937,738161595.3167713,730057340.9081439,8104254.408627417,76.127,-0.38332226,0.2573447,10.14682441,7.29136383,-24.68802462,-15.35972112,6337265055.885507,0.1758,10505289258.12937
2026-03-17 15:20:49.813919,2026-03-17,11419,29,2454283619.4182587,5153916579.526503,1.8865545171240263,157713541.1819828,155386198.65441296,2327342.527569843,30.6314,0.04899832,0.09356903,-0.61265842,-10.1516543,-22.47975113,-14.36943696,4630139848.517021,0.1284,9723144603.984
2026-03-17 15:20:49.813919,2026-03-17,1975,14,708099970.4525867,1000000000.0,13.906904207311896,1535119363.6590614,1508648104.893088,26471258.7659724,50.2964,-0.40141576,0.65569775,9.42337342,7.61640881,-28.29158654,-23.1675504,9847478458.284506,0.2732,13906904207.315992
2026-03-17 15:20:49.813919,2026-03-17,5994,27,589243651157023.4,589500199349403.0,8.678999602159437e-06,264186204.76842263,263669271.8246084,516932.9438142765,74.2739,-0.62835452,0.14083855,10.59998944,-13.54321216,-27.01077725,-21.46540045,5114045413.96678,0.1419,5116727608.253926
2026-03-17 15:20:49.813919,2026-03-17,6636,34,1673933922.7840447,1673559680.3127615,2.280439133454338,611442076.688322,609936361.2997919,1505715.3885300015,239.441,-0.05464727,7.93100736,5.93267956,12.84434282,-23.69222163,-14.03099347,3817304424.333468,0.1059,4788922180.254295
2026-03-17 15:20:49.813919,2026-03-17,28321,54,10609407159.815023,10609407169.815023,0.1417581080479139,115789179.45012608,115653450.42686312,135729.02326295053,49.3584,-0.88405553,0.62766137,4.04521947,-8.73716617,-32.33480366,-11.13910655,1503969486.4853704,0.0417,1503969487.9018571
2026-03-17 15:20:49.813919,2026-03-17,2,23,76957720.73347135,84000000.0,82.10774665278316,675297932.5031558,674620327.4889708,677605.0141852291,65.6118,-0.4692157,1.89546364,7.15302975,3.20848268,-19.79923209,-26.63378593,6318825036.959503,0.1753,6897050718.834027
2026-03-17 15:20:49.813919,2026-03-17,1831,12,20008356.25,20008356.25,671.7673421090196,511143458.2803027,507995472.9035743,3147985.3767283107,43.972,-0.34177022,0.48388636,6.02913382,-15.89890882,-20.14299203,-13.04441617,13440960298.032892,0.3729,14107114184.284409
2026-03-17 15:20:49.813919,2026-03-17,7083,35,633473562.7465303,898108420.0366303,5.761478608847744,547311369.3413886,542657667.793389,4653701.547999676,72.8345,-0.90612568,-0.8531714,3.60845419,11.43100405,-23.47193237,-20.31512399,3649744381.0347033,0.1012,5174432450.4604645
2026-03-17 15:20:49.813919,2026-03-17,6535,39,1290394717.0,1290394717.0,2.053267720308497,466607413.47191846,466566745.63101625,40667.84090220993,78.6189,-0.11394065,3.69643129,14.91866527,33.84779562,-15.68136222,-6.35457462,2649525818.8727183,0.0735,2649525818.867552
2026-03-17 15:20:49.813919,2026-03-17,512,18,32990604623.38997,50001786883.65895,0.2500919913685921,277999923.4098024,277713799.66169274,286123.74810961133,75.4604,-1.72274821,3.68312006,14.71065181,-0.67138559,-22.46248477,-19.27618738,8250686006.717483,0.2289,12505051437.64498
2026-03-17 15:20:49.813919,2026-03-17,3794,57,498243140.0,498243140.0,2.751047011636507,91012616.35802646,89683386.94578384,1329229.4122426235,73.57,-0.72369224,2.88351216,10.0501299,-11.08110988,-21.43444338,-2.91683826,1370690301.3653898,0.038,1370690301.361316
2026-03-17 21:00:26.576000,2026-03-17,1,1,20003043.0,20003043.0,104954.6223672032,74281846952.48404,74190850909.28308,90996043.20096354,-4.715,0.07891397,0.47021788,6.15559185,8.99043606,-21.92249787,-13.12827001,2099411824259.9275,58.5915,2204047069711.269
2026-03-17 21:00:26.576000,2026-03-17,1027,2,120691856.22514506,120691856.22514506,3276.970067316535,42370118871.88747,42129419384.87112,240699487.01636404,-22.5449,0.3462019,-0.67534118,13.95791823,19.42889311,-29.21987663,-17.352723,395503600218.6712,11.0379,395503600218.6746
2026-03-17 21:00:26.576000,2026-03-17,1839,5,136357836.13,136357836.13,946.1451553525972,2777556635.7478733,2655487103.373445,122069532.37442876,-20.0378,0.00440972,-0.67325416,4.34915908,9.60910215,-28.00777348,-20.17510939,129014306048.76283,3.6006,129014306521.8332
2026-03-17 21:00:26.576000,2026-03-17,5426,7,571447864.3605669,622531922.7722818,133.56336630682426,6639053289.430028,6639013050.351591,40239.078435777046,-31.9593,0.16086863,-1.04792164,10.05326255,10.66554911,-34.42327494,-22.67338926,76324500432.84282,2.1301,83147459238.93178
2026-03-17 21:00:26.576000,2026-03-17,52,4,61227832454.0,99985701766.0,2.1583565601934662,6929518901.476998,6920262188.467008,9256713.009992072,13.5273,0.07493152,0.34939914,10.25421306,4.93400411,-26.15005135,-18.30531203,132151493843.51732,3.6882,215835656019.35175
2026-03-17 21:00:26.576000,2026-03-17,74,9,169162913126.57907,169162913126.57907,0.1414945539592824,2317893890.611038,2315497343.84342,2396546.7676191228,-32.5073,0.25200977,-1.11040991,5.86668751,-2.27824614,-27.02053958,-20.71785075,23935630939.29816,0.668,23935630939.303013
2026-03-17 21:00:26.576000,2026-03-17,2010,11,36090735750.89706,44994534181.27696,0.4072974693753198,959736740.930838,958356704.4903486,1380036.4404893056,-39.2338,0.18295855,0.51592229,9.80131213,3.63197045,-26.57527793,-21.43218126,14699665339.233755,0.4102,18328386121.89011
2026-03-17 21:00:26.576000,2026-03-17,1958,8,94750590696.3306,94750586921.45,0.4307308935912877,916950832.3488016,916705993.8221332,244838.526668569,40.8421,0.0300801,3.43617308,7.33999295,9.30052481,-1.37406069,9.60769828,40812006598.93282,1.139,40812004972.97142
2026-03-17 21:00:26.576000,2026-03-17,5805,23,431771961.1772119,463441061.1772119,14.478432355631766,553553308.6922691,544011222.3153206,9542086.376948403,-24.5602,0.301107,-0.47083264,6.89519491,11.62056921,-24.2131633,-13.40390377,6251381132.962727,0.1745,10362919411.672373
2026-03-17 21:00:26.576000,2026-03-17,11419,28,2458108268.763107,5157041028.200643,1.9058707380490496,156292962.28088644,154275653.15652034,2017309.1243661116,0.0125,0.38813474,1.38321389,1.86817858,-7.88443972,-20.96899523,-7.95535248,4684836620.392014,0.1307,9828653590.57267
2026-03-17 21:00:26.576000,2026-03-17,1975,14,708099970.4525867,1000000000.0,13.847213597214852,1179128317.9938493,1167107178.3404694,12021139.65337979,-25.8077,0.26753864,-1.0657284,9.33158281,13.60651399,-28.11744827,-19.57146126,9805211539.038492,0.2736,13847213597.208187
2026-03-17 21:00:26.576000,2026-03-17,5994,27,589243650956657.5,589500199349037.0,8.559164271042038e-06,207321677.6733057,207110875.534826,210802.1384797167,-19.3123,0.19449891,-1.19289461,6.57748459,-5.95750958,-28.30181114,-19.43783551,5043433204.206588,0.1408,5046078365.8025055
2026-03-17 21:00:26.576000,2026-03-17,6636,34,1673933922.7840447,1673559680.3127615,2.255731090910312,354883367.04935,354481454.1630488,401912.8863011759,-37.2957,0.51368404,-1.64278472,6.53504791,18.86985771,-24.65030912,-11.43673883,3775944793.753432,0.1054,4737035290.910721
2026-03-17 21:00:26.576000,2026-03-17,28321,54,10609407159.815023,10609407169.815023,0.1404947847218557,89135772.66792184,89041651.71643873,94120.95148309802,-24.1211,0.35379714,-2.11989575,3.13762511,-7.57337711,-30.32543763,-7.13322589,1490566374.944726,0.0416,1490566376.34822
2026-03-17 21:00:26.576000,2026-03-17,2,22,76960101.98347135,84000000.0,82.15962926450074,563434576.1671569,563009686.5031738,424889.6639832046,-11.1433,0.26296138,-0.23223666,8.09585811,7.0183069,-21.70966263,-23.41469603,6323013447.120174,0.1765,6901408858.221697
2026-03-17 21:00:26.576000,2026-03-17,1831,12,20008640.625,20008640.625,667.5905013681681,403776619.71919847,400857577.0001597,2919042.719038648,-21.8658,-0.01085172,-1.51161976,6.11074343,-14.38359767,-20.88879407,-13.0369091,13357578426.539246,0.3728,14019400528.72546
2026-03-17 21:00:26.576000,2026-03-17,7083,35,633461562.7465303,898096420.0366303,5.631972254284178,447812886.3171082,445166307.8086324,2646578.508475847,-16.4846,0.4454764,-3.86131204,3.36664616,16.37974251,-24.63533464,-18.85658608,3567637945.5439544,0.0996,5058054119.314738
2026-03-17 21:00:26.576000,2026-03-17,6535,40,1290446658.0,1290446657.0,2.0519800758224136,380183438.2520727,380155089.0825595,28349.16951308959,-5.6512,0.2653708,-0.33895201,13.14199455,39.72635174,-15.379619,-1.81186154,2647970831.12762,0.0739,2647970829.0812287
2026-03-17 21:00:26.576000,2026-03-17,512,18,32990601332.824543,50001786883.65895,0.2466791107999089,224603857.61296627,224383135.6763352,220721.93663112124,-12.0435,0.38351364,0.15937246,8.83373447,4.26337872,-22.50398472,-17.32412737,8138092201.53545,0.2271,12334401242.77211
2026-03-17 21:00:26.576000,2026-03-17,3794,58,498243140.0,498243140.0,2.753006518901339,69674730.40270106,68811631.91793723,863098.4847638345,-16.3317,0.719963,-1.02223217,8.82527384,-7.66350348,-21.10804426,0.36842864,1371666612.4178724,0.0383,1371666612.4110525
2026-03-18 02:46:37.524740,2026-03-18,1,1,20003043.0,20003043.0,104683.70826714982,61777845339.39651,61694731582.32069,83113757.07581744,-25.013,0.31626791,-1.30357352,6.77035997,8.65771373,-21.89276266,-14.15997463,2093992717867.2532,58.5348,2198357873610.1409
2026-03-18 02:46:37.524740,2026-03-18,1027,2,120691832.4378727,120691832.4378727,3287.642959282274,32408719249.54423,32224676063.93842,184043185.60580137,-44.3244,0.20590331,-0.92578107,15.54874539,19.2490421,-28.87607174,-17.71457044,396791653157.2481,11.0918,396791653157.2464
2026-03-18 02:46:37.524740,2026-03-18,1839,5,136357826.42000002,136357826.42000002,945.7164198801314,2548373010.1364417,2429759012.643785,118613997.4926558,-25.9421,0.2583036,-1.60851884,5.04426077,9.6162133,-28.16385971,-20.49980822,128955835424.55882,3.6048,128955836389.18254
2026-03-18 02:46:37.524740,2026-03-18,5426,7,571447677.5907394,622531735.9984816,133.71705623468247,5263650060.452078,5263611173.030489,38887.42158962342,-43.4034,0.28061987,-0.44446293,10.93087514,10.77142447,-34.17947986,-23.1933009,76412301239.57959,2.136,83243111150.3766
2026-03-18 02:46:37.524740,2026-03-18,52,4,61227832454.0,99985701766.0,2.1517123175910244,5658873703.535268,5653170870.463258,5702833.072009715,-16.2498,0.67913922,-3.94227834,10.73020388,4.53230093,-25.74087195,-18.00826223,131744681270.6713,3.6827,215171231759.1051
2026-03-18 02:46:37.524740,2026-03-18,74,9,169166313126.57907,169166313126.57907,0.1422968200733427,1897379354.7269115,1895872974.705988,1506380.0209234995,-46.6036,0.40480167,-2.88343809,9.11902728,-1.16690601,-26.37850742,-19.96314778,24071828421.443584,0.6729,24071828421.449512
2026-03-18 02:46:37.524740,2026-03-18,2010,11,36090735750.89706,44994534181.27696,0.4092058849912049,835010699.4299778,832850682.8478594,2160016.5821181373,-47.763,0.48114389,-0.33692356,12.20826875,3.50483919,-26.12679849,-20.95208639,14768541462.929552,0.4128,18414264824.601383
2026-03-18 02:46:37.524740,2026-03-18,1958,8,94751077153.1051,94751071446.9748,0.433962086775913,949506631.5532696,949211195.1376348,295436.4156347247,38.6382,0.00744817,4.12491053,8.05505178,10.09596792,-0.44354273,10.44407937,41118375165.62702,1.1494,41118372689.38102
2026-03-18 02:46:37.524740,2026-03-18,5805,23,431771961.1772119,463441061.1772119,14.464408039113527,472776053.4241955,462813073.956977,9962979.467218438,-40.0908,0.47964361,-1.97964436,8.17515921,11.44834904,-24.12781806,-13.28227551,6245325826.315477,0.1746,10352881525.082409
2026-03-18 02:46:37.524740,2026-03-18,11419,28,2458131531.899993,5157064951.273076,1.90612362070888,145837369.3696169,144065710.4112692,1771658.9583477257,-8.2273,0.25675417,1.48984075,3.98458015,-6.93111832,-20.41653057,-8.30804561,4685502575.763881,0.131,9830003317.154696
2026-03-18 02:46:37.524740,2026-03-18,1975,14,708099970.4525867,1000000000.0,13.886141519594524,984597363.8040668,976128310.4108044,8469053.39326238,-38.5045,0.32325024,-0.62772324,10.52907726,12.92552276,-27.66150929,-19.39265454,9832776399.72532,0.2749,13886141519.600883
2026-03-18 02:46:37.524740,2026-03-18,5994,27,589243650956657.5,589500199349037.0,8.654664477908315e-06,198700886.36134025,198508694.41343156,192191.94790867984,-24.4964,0.9271465,-1.23595017,9.60014934,-6.63253612,-27.50909192,-18.18884685,5099706094.76759,0.1426,5102380770.153454
2026-03-18 02:46:37.524740,2026-03-18,6636,33,1674937955.9341626,1674937955.9341626,2.315528739563519,340981465.69405687,340728049.13983554,253416.554221411,-44.1357,0.93626594,1.52045393,11.05416674,21.76294121,-22.42679014,-8.9054728,3878366973.951328,0.1084,4862610353.079082
2026-03-18 02:46:37.524740,2026-03-18,28321,54,10609982855.751036,10609982865.751036,0.1408791086856482,82917604.61510384,82828288.73992541,89315.87517842255,-28.9313,0.2742825,-1.52042367,4.57387523,-6.87742273,-30.88185852,-6.57855394,1494724927.8882143,0.0418,1494724929.2945888
2026-03-18 02:46:37.524740,2026-03-18,2,22,76960933.23347135,84000000.0,82.19931399753345,483257984.44342846,482938982.3390921,319002.1043363734,-27.7323,0.10082573,-1.11816078,8.62517353,7.02584609,-21.57167472,-23.33753671,6326135916.401319,0.1768,6904742375.794096
2026-03-18 02:46:37.524740,2026-03-18,1831,12,20008756.25,20008756.25,664.3788820284017,354384031.2250735,351358212.9598967,3025818.265176754,-32.0879,0.30648798,-1.33459026,5.22740316,-15.20193291,-21.20323057,-14.35637496,13293395108.153791,0.3716,13951956522.600723
2026-03-18 02:46:37.524740,2026-03-18,7083,35,633407562.7465303,898042420.0366303,5.624951970867275,407320981.7595893,404893423.0483697,2427558.711219633,-28.1361,0.44436912,-3.64488888,4.28006122,13.59918523,-24.89825871,-19.37280685,3562887118.433333,0.0996,5051445480.509847
2026-03-18 02:46:37.524740,2026-03-18,6535,39,1290472906.0,1290472906.0,2.0554281185550938,260312780.07085985,260295941.9166121,16838.154247726492,-46.0778,0.49780646,-0.05113717,14.58915547,39.25924839,-15.34558667,-1.29175906,2652474297.2259045,0.0741,2652474297.220281
2026-03-18 02:46:37.524740,2026-03-18,512,17,32997781490.09544,50001786883.65895,0.2470018127378197,184101449.17083928,183895475.185686,205973.9851532681,-32.7884,0.93583405,-2.72901031,11.95626261,3.52095528,-22.10672021,-17.58783167,8150511844.380047,0.2278,12350536922.724
2026-03-18 02:46:37.524740,2026-03-18,3794,58,498413630.0,498413630.0,2.791002846605038,61793006.45549385,60860627.44627281,932379.0092210554,-32.1463,0.77994425,0.41593792,10.04403529,-6.91302557,-20.57807441,3.27976871,1391073860.11675,0.0389,1391073860.112996
2026-03-19 02:47:54.295780,2026-03-19,1,1,20003043.0,20003043.0,100967.29739786516,65283771283.03219,65201992314.54862,81778968.48355897,4.845,0.01940641,-4.37840622,2.45364903,3.25774592,-25.05148751,-16.86526303,2019653191443.285,58.261,2120313245355.1628
2026-03-19 02:47:54.295780,2026-03-19,1027,2,120691801.1632979,120691801.1632979,3127.067763696776,36224526946.42999,36030089291.42508,194437655.0049204,10.9084,0.19703676,-5.70090867,8.43890895,10.1131308,-33.22340708,-22.21375873,377411440760.2499,10.8872,377411440760.2534
2026-03-19 02:47:54.295780,2026-03-19,1839,5,136357771.68,136357771.68,924.5731054233216,2702198421.286298,2587613483.2545376,114584938.0317615,5.197,-0.04142314,-3.06683069,1.16915109,3.64176627,-31.09175745,-21.10479119,126072728410.78188,3.6368,126072729529.5115
2026-03-19 02:47:54.295780,2026-03-19,5426,7,571446931.46719,622530990.7241638,128.08078502381127,6028717362.990301,6028644801.655997,72561.33430477181,13.6469,-0.02775099,-5.07528471,5.43297933,3.42820601,-36.51799337,-23.91387527,73191371581.76578,2.1106,79734257993.59981
2026-03-19 02:47:54.295780,2026-03-19,52,4,61227832454.0,99985701766.0,2.073208665385104,4195414469.114344,4192159209.951689,3255259.16265445,-26.095,-0.30373771,-4.43372574,6.36744637,-1.8520534,-28.74262547,-18.17851988,126938072806.38008,3.6618,207320866538.51047
2026-03-19 02:47:54.295780,2026-03-19,74,9,169179943126.5791,169179943126.5791,0.1345204821610879,2216475452.0708013,2215096194.263527,1379257.807275331,16.8068,-0.2904672,-6.22089818,2.96953506,-6.0319587,-30.77139008,-21.97693978,22758167521.37286,0.6565,22758167521.379032
2026-03-19 02:47:54.295780,2026-03-19,2010,11,36090735750.89706,44994534181.27696,0.3865879174789304,841343002.383212,839337546.992697,2005455.3905150008,-0.0724,-0.35711587,-6.30620824,4.96582537,-5.29090563,-30.87867667,-22.09716369,13952242374.22168,0.4025,17396456286.54879
2026-03-19 02:47:54.295780,2026-03-19,1958,8,94751360037.1566,94751355372.2472,0.4314709513815193,861395690.7538646,861122102.8456594,273587.9082051379,-9.9869,0.08790117,-1.37660486,4.8369921,6.92831436,-4.42095219,9.4154508,40882459459.92484,1.1793,40882457447.15708
2026-03-19 02:47:54.295780,2026-03-19,5805,23,431771961.1772119,463441061.1772119,13.682871233608552,576717498.1500332,568408991.1622652,8308506.987768072,21.0408,-0.35806707,-6.21146849,1.612398,3.98288761,-29.41961201,-15.00368122,5907880147.070421,0.1704,9793497557.697168
2026-03-19 02:47:54.295780,2026-03-19,11419,29,2458221307.3897915,5157158368.319459,1.833551957463888,179922437.1221999,177800124.04868653,2122313.073513396,22.0079,-0.3564018,-4.55215118,-2.74328497,-10.40676552,-24.95242876,-9.9794042,4507276490.043989,0.13,9455917821.182718
2026-03-19 02:47:54.295780,2026-03-19,1975,14,708099970.4525867,1000000000.0,13.066481619153056,1036378498.6052556,1028348060.5968006,8030438.008455509,4.6633,0.01274649,-6.71250558,3.45853231,2.68064581,-32.51793668,-22.74939259,9252375248.441544,0.2669,13066481619.151684
2026-03-19 02:47:54.295780,2026-03-19,5994,27,589243649697729.5,589500198090109.1,8.232940522615525e-06,232925577.0254658,232707349.2132305,218227.8122353942,16.4931,-0.03508208,-5.56772819,1.32569379,-11.80855453,-30.90494201,-18.2610746,4851207921.290304,0.1399,4853752275.626334
2026-03-19 02:47:54.295780,2026-03-19,6636,33,1675074394.9913392,1675074394.9913392,2.2077209275760064,333057529.683434,331503544.3057076,1553985.3777264743,-3.1694,-0.30004076,-5.48736792,3.23788222,13.21851747,-28.03090336,-10.88180129,3698096797.069097,0.1067,4636213947.906897
2026-03-19 02:47:54.295780,2026-03-19,28321,55,10610558423.019567,10610558433.019567,0.136519335931783,89708725.65182161,89608475.89614664,100249.75567496718,7.3035,-0.30602413,-3.89626965,-1.31986521,-10.5704225,-33.12111935,-6.06614226,1448546389.7760189,0.0418,1448546391.1426516
2026-03-19 02:47:54.295780,2026-03-19,2,21,76964508.23347135,84000000.0,79.31302992501578,480894948.609265,480387772.63912976,507175.970135356,-0.822,-0.1592791,-4.32691252,2.82271112,1.21765174,-24.93498225,-24.5513341,6104288344.685436,0.1761,6662294513.695609
2026-03-19 02:47:54.295780,2026-03-19,1831,12,20009253.125,20009253.125,647.5249191994905,420467834.726935,418780438.9823284,1687395.7446066716,17.749,0.32077839,-3.34950505,0.78938525,-20.24851349,-22.86815322,-18.94864695,12956490013.007776,0.3738,13598023303.19145
2026-03-19 02:47:54.295780,2026-03-19,7083,37,633383562.7465303,898018420.0366303,5.21140629581801,458265034.21589816,456029801.3573901,2235232.858508142,11.6045,0.0625378,-8.13957018,-5.10152418,2.13813479,-30.75463829,-25.50771612,3300819086.56491,0.0952,4679938847.944399
2026-03-19 02:47:54.295780,2026-03-19,6535,40,1290550808.0,1290550808.0,1.9608607929818611,352745905.5428906,352729200.9879634,16704.55492719112,34.0595,0.33438632,-5.62065336,6.89219519,30.46254776,-19.56200094,-2.55280135,2530590480.7582617,0.073,2530590480.759788
2026-03-19 02:47:54.295780,2026-03-19,512,17,32999797365.92421,50001786883.65895,0.2395559433358492,183166999.3297512,182908535.66930005,258463.6604511262,-1.3099,0.22590573,-3.81548696,6.36716,-0.73888001,-25.89939061,-18.01215125,7905297587.885847,0.228,11978229999.344065
2026-03-19 02:47:54.295780,2026-03-19,3794,57,498584770.0,498584770.0,2.7121001151157538,84331729.39326254,83118994.37228082,1212735.0209816813,35.4697,0.24997128,-3.68369871,4.23459472,-15.94749511,-24.8478674,3.09657858,1352211812.1119618,0.039,1352211812.106241
2026-03-20 02:38:36.587548,2026-03-20,1,1,20003043.0,20003043.0,98932.89888003535,63151505522.40266,63081590135.89536,69915386.50730318,-2.9774,-0.45137948,-1.61645983,-1.74461779,4.04956776,-24.20389942,-20.45620688,1978959030411.999,58.1687,2077590876480.7483
2026-03-20 02:38:36.587548,2026-03-20,1027,2,120691772.35754023,120691772.35754023,3010.884976413562,34132886392.813538,33937559023.444923,195327369.3686276,-5.528,-0.88474475,-3.1961756,0.97201741,7.15268261,-33.50214889,-28.44909788,363389044168.0435,10.6929,363389044168.0441
2026-03-20 02:38:36.587548,2026-03-20,1839,5,136357719.62,136357719.62,903.4865683270656,2490001537.479114,2406255653.960835,83745883.51827921,-7.4636,-0.274532,-1.75035762,-3.09334169,3.74089023,-30.4175074,-25.12162288,123197368164.37796,3.6205,123197368164.3738
2026-03-20 02:38:36.587548,2026-03-20,5426,7,571567344.6038597,622664809.5320687,125.60885730798434,5251778039.991371,5251730179.8106365,47860.18073558932,-12.5905,-0.51707341,-1.42084667,-0.63220342,4.85569032,-33.48135427,-29.27954152,71793921030.24973,2.1126,78212215211.217
2026-03-20 02:38:36.587548,2026-03-20,52,4,61280678111.0,99985698485.0,2.044073814679795,3482449265.653352,3478779667.4064937,3669598.246858038,-17.0187,-0.51034712,-0.91804624,3.03714465,-1.58215202,-26.03175221,-23.67910321,125262229472.51642,3.6859,204407381467.97336
2026-03-20 02:38:36.587548,2026-03-20,74,9,169193223126.57907,169193223126.57907,0.1322274846472746,1365937513.0154502,1364982045.3161793,955467.6992708727,-38.2485,-0.61240572,-1.12496023,-2.49720699,-7.24842786,-26.30423877,-28.48151847,22371994313.39264,0.6578,22371994313.395645
2026-03-20 02:38:36.587548,2026-03-20,2010,11,36090735750.89706,44994534181.27696,0.3788625075958008,656634744.9596937,655199405.4808795,1435339.478814185,-21.6102,-0.56714236,-1.45643731,-0.81969615,-4.90100411,-26.43262103,-28.34584916,13673426647.56228,0.4019,17048812841.805164
2026-03-20 02:38:36.587548,2026-03-20,1958,8,94751715408.75188,94751709966.5202,0.4291287793920014,854739247.2684313,854371776.5906315,367470.6777996474,0.0764,-0.01104814,-0.27917001,4.83098871,8.06977714,-4.2220011,8.60260731,40660687978.65599,1.1952,40660685643.23344
2026-03-20 02:38:36.587548,2026-03-20,5805,22,431771961.1772119,463441061.1772119,13.4252495159825,344558020.781197,337434548.952898,7123471.828299067,-40.1285,-0.41630565,-1.40891308,-4.47326504,4.11594451,-25.14261377,-22.17227155,5796646312.809178,0.1705,9609105143.32421
2026-03-20 02:38:36.587548,2026-03-20,11419,30,2459360928.8844395,5157250622.551006,1.7036407838266068,155673827.31549597,153189686.2594058,2484141.056090196,-13.443,-1.32681952,-6.65541526,-7.68624184,-14.88417973,-25.0600022,-18.19938594,4189867580.597218,0.1232,8786102492.99935
2026-03-20 02:38:36.587548,2026-03-20,1975,14,708099970.4525867,1000000000.0,12.78652607338026,1006788766.9058204,996818147.6127604,9970619.293059746,-2.4497,-0.67102147,-1.65102301,-2.03279041,2.31900737,-29.48362908,-27.5732912,9054138734.751793,0.2664,12786526073.373554
2026-03-20 02:38:36.587548,2026-03-20,5994,27,589243646443838.6,589500195646948.4,8.302710838916139e-06,172156627.7938664,171976016.5377589,180611.25610750943,-25.7304,-0.05402557,1.34667658,-1.46724297,-9.54906433,-25.50495509,-21.37139978,4892319610.091728,0.144,4894885553.657628
2026-03-20 02:38:36.587548,2026-03-20,6636,33,1675227135.2747908,1675227135.2747908,2.1611172016594544,273781421.7937922,273583103.65710497,198318.13668723128,-17.819,-0.30912779,-1.5388585,-0.04404279,12.92884057,-22.24550957,-16.48848514,3620362178.7290406,0.1064,4538346123.48737
2026-03-20 02:38:36.587548,2026-03-20,28321,54,10611134021.511305,10611134031.511305,0.1369143110721621,69345254.25477767,69257899.72749542,87354.52728227075,-22.5795,0.16080225,0.8038771,-2.40281565,-10.39741719,-28.44769348,-10.83489748,1452816104.2496018,0.0427,1452816105.6141894
2026-03-20 02:38:36.587548,2026-03-20,2,21,76968333.23347135,84000000.0,78.64642304171656,403141081.9049937,402834403.1696844,306678.7353093104,-15.7861,-0.26533905,-0.29237314,1.27446029,2.90460623,-20.31478668,-27.84276257,6053284096.2954,0.1781,6606299535.509303
2026-03-20 02:38:36.587548,2026-03-20,1831,12,20009721.875,20009721.875,650.604965740291,395348080.75798047,392517930.76492494,2830149.9930555457,-5.5776,0.55021681,0.95862319,-0.4166515,-17.84761608,-21.8329335,-24.19971964,13018424414.957129,0.3826,13662704280.551132
2026-03-20 02:38:36.587548,2026-03-20,7083,37,633355562.7465303,897990420.0366303,5.061629714460971,350034656.30732805,348244549.7198096,1790106.58751848,-23.1469,-0.37527865,-2.45891277,-9.92330796,1.6786916,-27.91341762,-32.301164,3205811336.216988,0.0942,4545294993.359388
2026-03-20 02:38:36.587548,2026-03-20,6535,41,1290627973.0,1290627973.0,1.9054832297089972,258561878.7655689,258549578.61577272,12300.14979626236,-26.8418,-0.13045553,-2.24831127,-3.23665852,29.13994981,-14.49892713,-10.9630204,2459269958.3448167,0.0723,2459269958.3388577
2026-03-20 02:38:36.587548,2026-03-20,512,17,33010192296.479733,50001786883.65895,0.2339910108219109,135902973.37460542,135732145.2760869,170828.0985185121,-25.6394,-0.33217496,-1.77552255,2.26025392,-0.31459367,-22.26255884,-24.48266682,7724088262.878949,0.227,11699973318.862667
2026-03-20 02:38:36.587548,2026-03-20,3794,58,498584770.0,498584770.0,2.5460803500074527,74521569.69800553,73763260.37233837,758309.3256671837,-11.1614,-0.63382975,-5.70011686,-2.45805166,-20.16949667,-23.80521141,-8.46710328,1269436885.7099853,0.0373,1269436885.7169044
2026-03-21 02:32:28.831091,2026-03-21,1,1,20003043.0,20003043.0,100329.86920451876,51986062121.126,51936500664.89965,49561456.22634584,-18.0966,0.05967151,0.58337876,-0.21828204,5.63659637,-23.58219613,-19.64590726,2006902687882.364,58.3923,2106927253294.896
2026-03-21 02:32:28.831091,2026-03-21,1027,2,120691751.90763994,120691751.90763994,3056.1601132854457,24512309044.6516,24369159840.72839,143149203.9232092,-28.4777,-0.0812119,0.60395681,2.9263667,9.19478071,-32.4142911,-27.4402085,368853318182.6718,10.7352,368853318182.66974
2026-03-21 02:32:28.831091,2026-03-21,1839,5,136357667.56,136357667.56,910.8396540415284,2259298663.0809617,2138307178.8174567,120991484.26350522,-9.8238,0.00208779,0.12089061,-2.24798558,5.74628455,-30.88077722,-24.4340071,124199970746.26012,3.6142,124199971210.79494
2026-03-21 02:32:28.831091,2026-03-21,5426,7,571566444.941689,622664070.5011547,127.9422317760286,4188388062.088308,4188329290.766256,58771.32205313119,-20.6435,0.05339784,1.13018165,2.2196744,10.13334753,-32.54576851,-27.89168672,73127486574.13025,2.1283,79665030826.66765
2026-03-21 02:32:28.831091,2026-03-21,52,4,61344583754.0,99985695443.0,2.0518300368923468,2541202624.490745,2539229775.554124,1972848.936622362,-27.3439,-0.08390601,-0.38739187,3.17659881,1.13793304,-26.48815744,-24.8086821,125868659547.11548,3.6633,205183003689.23172
2026-03-21 02:32:28.831091,2026-03-21,74,9,169206913126.57913,169206913126.57913,0.1341784683489564,1038093602.4249086,1036441577.0144794,1652025.4104293855,-24.334,0.2944696,0.67937028,-1.16033768,-4.10938431,-26.34633524,-27.76863165,22703924437.37932,0.6605,22703924437.376434
2026-03-21 02:32:28.831091,2026-03-21,2010,11,36096440525.57868,44994439995.92189,0.3782326034716614,534471627.4483498,533055586.1105017,1416041.337848166,-19.0663,-0.07761746,-0.93947778,0.73553748,-3.33166399,-27.35097891,-27.74363787,13652850676.04961,0.3972,17020467156.229874
2026-03-21 02:32:28.831091,2026-03-21,1958,8,94752429950.6453,94752422083.0646,0.4374667286993818,770982234.5768591,770859612.3672949,122622.20956427256,-10.3468,-0.03215031,1.23414759,5.0130898,10.08385715,-0.73943938,9.18612134,41451035566.82613,1.206,41451032125.02599
2026-03-21 02:32:28.831091,2026-03-21,5805,22,431771961.1772119,463441061.1772119,13.582923016082786,349553338.11478466,341173569.40202105,8379768.712763609,0.9152,-0.03199121,0.4537554,-1.26114732,7.29750066,-24.35473246,-21.12007868,5864725309.173154,0.1706,9721959749.04231
2026-03-21 02:32:28.831091,2026-03-21,11419,29,2459453034.168671,5157345422.490568,1.767113506473578,179663697.74809927,176546161.7631504,3117535.98494891,16.6576,-0.26062216,2.47552192,-4.71674092,-12.05530104,-20.67713299,-15.70056478,4346132675.216881,0.1265,9113614753.638206
2026-03-21 02:32:28.831091,2026-03-21,1975,14,708099970.4525867,1000000000.0,12.973304952059689,856763777.7638645,851151719.5260092,5612058.237855573,-15.3329,-0.19464943,0.6724485,0.64002261,5.3286414,-28.75029673,-26.47486885,9186396853.22586,0.2671,12973304952.056398
2026-03-21 02:32:28.831091,2026-03-21,5994,27,589243645389849.0,589500194593058.6,8.499215308574337e-06,262932013.7678852,262448076.65216887,483937.1157163028,51.7952,0.55603851,1.50293136,0.98939569,-5.15450062,-25.14995644,-18.94032231,5008108611.377553,0.1456,5010735293.39608
2026-03-21 02:32:28.831091,2026-03-21,6636,33,1675369765.0823898,1675369765.0823898,2.1435192910971548,226979115.06188628,226913352.41279653,65762.64908977054,-17.5985,0.02334347,-1.68029776,4.70663897,14.39937615,-25.26023622,-16.4318623,3591187411.1750107,0.1045,4501390511.309741
2026-03-21 02:32:28.831091,2026-03-21,28321,53,10611709811.151634,10611709821.151634,0.1389498986051246,104788462.01903675,104611183.4617254,177278.55731138025,50.581,-0.10492878,0.7291305,2.10446365,-9.96318434,-28.0919092,-10.19527932,1474496002.2865255,0.0429,1474496003.6785088
2026-03-21 02:32:28.831091,2026-03-21,2,21,76971870.73347135,84000000.0,79.87492078452732,379929773.1562665,379418767.9578207,511005.198445849,-6.3102,-0.32285277,0.87916039,1.44823722,5.09765358,-20.04738023,-26.97283749,6148122077.472901,0.1789,6709493345.895952
2026-03-21 02:32:28.831091,2026-03-21,1831,12,20010159.375,20010159.375,670.1533221875011,391576702.5717306,388735764.2542852,2840938.31744528,-1.4114,-0.00306339,2.38603523,2.78529684,-15.51014883,-18.82261993,-20.84866146,13409874782.657623,0.3902,14073219765.934189
2026-03-21 02:32:28.831091,2026-03-21,7083,35,633273562.7465303,897908420.0366303,5.128835566491835,290907251.12699974,289534895.6540129,1372355.4729868425,-17.4235,-0.05612171,0.565866,-9.57489198,4.82544581,-27.67849988,-41.63276746,3247955971.933403,0.0945,4605224640.13153
2026-03-21 02:32:28.831091,2026-03-21,6535,43,1290732007.0,1290732007.0,1.8718557827319453,231392307.6787295,231381142.74023432,11164.938495186432,-11.0211,0.21176807,-2.55241441,-0.65803617,29.75367879,-16.7486524,-11.99938479,2416064171.26016,0.0703,2416064171.258888
2026-03-21 02:32:28.831091,2026-03-21,512,18,33011222252.10553,50001786883.65895,0.2349160796954814,118767800.29443224,118487482.19631076,280318.09812148084,-13.0478,0.01135208,-0.33126284,0.40928511,2.20534392,-22.8235468,-23.58895023,7754866917.420874,0.2257,11746228433.965538
2026-03-21 02:32:28.831091,2026-03-21,3794,58,498755900.0,498755900.0,2.634576443436293,72995880.03532214,72408498.6622647,587381.373057427,-2.582,0.80384545,2.71904687,-0.78767907,-20.23376555,-24.08243925,-5.59863528,1314010545.1648676,0.0382,1314010545.1675613
2026-03-22 02:48:40.590817,2026-03-22,1,1,20003043.0,20003043.0,98275.85487645517,36174608969.429634,36147872907.20662,26736062.223018706,-30.0197,0.48171736,-2.09836694,-3.1141925,2.8958754,-22.26978736,-21.78141254,1965816150955.492,58.2136,2063792952405.556
2026-03-22 02:48:40.590817,2026-03-22,1027,2,120691743.12389752,120691743.12389752,2980.9767708290256,16378854060.30162,16281527153.35854,97326906.94308078,-32.4596,0.65021201,-2.50650531,-0.12365144,7.51487829,-29.13513297,-30.25419455,359779282683.2023,10.6541,359779282683.2066
2026-03-22 02:48:40.590817,2026-03-22,1839,5,136357629.43,136357629.43,899.8004919149205,1931237473.0981112,1846060558.2910216,85176914.80708961,-14.2791,0.59693046,-1.2477743,-3.75768774,4.37499361,-27.71500809,-25.88462113,122694662037.46645,3.6333,122694662820.29826
2026-03-22 02:48:40.590817,2026-03-22,5426,7,572016948.8572687,622797791.1305271,125.1277020739993,3336214585.7782154,3336140407.7394404,74178.03877525023,-19.8312,1.12586772,-2.36250626,-0.17298638,6.09302302,-30.58270618,-29.61681392,71575166357.89041,2.1196,77929256460.9289
2026-03-22 02:48:40.590817,2026-03-22,52,4,61344583754.0,99985695443.0,2.008540156288741,1955180081.8611748,1953841837.7233224,1338244.137852687,-22.2246,0.47594582,-2.22651943,-0.16990645,-0.5133858,-25.39490957,-26.19345713,123213059840.72691,3.6487,200854015628.87756
2026-03-22 02:48:40.590817,2026-03-22,74,9,169220903126.5791,169220903126.5791,0.1306404801072258,999384996.5170708,998525870.1225564,859126.3945143379,-3.658,0.87603909,-2.84442689,-5.17606964,-7.34646294,-26.90413741,-29.54033676,22107100028.63465,0.6547,22107100028.636738
2026-03-22 02:48:40.590817,2026-03-22,2010,11,36096440525.57868,44994439995.92189,0.3659671931502618,518991142.09719145,517582915.270062,1408226.8271293312,-2.7586,0.56751172,-3.37061185,-2.77775214,-6.03779036,-28.11179089,-29.41070317,13210113021.861391,0.3911,16468523691.758991
2026-03-22 02:48:40.590817,2026-03-22,1958,8,94754206331.0116,94754198546.3692,0.4385045326543205,876285766.7848513,875905984.9673514,379781.8175001482,13.7688,-0.54628027,0.24628148,3.89232641,8.96197318,3.89005988,7.15307565,41550148964.211296,1.23,41550145550.60873
2026-03-22 02:48:40.590817,2026-03-22,5805,23,431771961.1772119,463441061.1772119,13.175224732342157,283687600.4305517,276823845.3075541,6863755.1229975615,-18.5238,0.73504719,-3.22404566,-4.82099698,3.82878801,-24.40305097,-23.19868292,5688692621.633878,0.1685,9430150224.71476
2026-03-22 02:48:40.590817,2026-03-22,11419,29,2459552996.3528924,5157442837.877459,1.785324599647404,130132577.6970594,128326401.32795551,1806176.3691039088,-25.9939,0.58412853,0.7894988,-3.30511576,-8.33443591,-18.39206061,-12.67202099,4391100468.525301,0.13,9207709569.743814
2026-03-22 02:48:40.590817,2026-03-22,1975,14,708099970.4525867,1000000000.0,12.621525829879744,615593614.6483039,612533812.8553494,3059801.792954277,-27.8022,0.70465881,-2.77318481,-3.598672,3.30619599,-27.74448575,-28.8184341,8937302067.204407,0.2646,12621525829.880438
2026-03-22 02:48:40.590817,2026-03-22,5994,27,589243643703767.2,589500192906977.0,8.294863667449606e-06,152964398.79546973,152785235.8179352,179162.97753451098,-41.5202,0.34271087,-2.26516887,-0.87605257,-6.73305363,-26.19933693,-19.38261791,4887695691.433999,0.1447,4890259232.57697
2026-03-22 02:48:40.590817,2026-03-22,6636,33,1675526736.9832375,1675526736.9832375,2.088733468978461,188287284.06596357,188179811.90136215,107472.16460133392,-16.9926,0.60425862,-2.84003399,3.25321242,13.638784,-24.53798068,-18.07267776,3499728773.70516,0.1036,4386340284.851504
2026-03-22 02:48:40.590817,2026-03-22,28321,54,10612285632.035912,10612285642.035912,0.1344476178856811,66292603.88556696,66231530.02753809,61073.85802884775,-37.0646,0.50644298,-2.96909966,-2.61669703,-10.46278977,-29.82628208,-11.19714161,1426796523.5496686,0.0423,1426796524.8996348
2026-03-22 02:48:40.590817,2026-03-22,2,21,76975383.23347135,84000000.0,77.68770656917187,364283396.48348665,363603620.4747645,679776.008722029,-4.0805,0.24109404,-2.83209368,-0.87371741,2.89699599,-20.44536709,-29.14094211,5980040985.691474,0.1771,6525767351.816249
2026-03-22 02:48:40.590817,2026-03-22,1831,12,20010543.75,20010543.75,653.5583348405114,296390668.8694925,293602519.4478112,2788149.421681344,-24.1438,0.26481217,-2.38955845,-1.13635578,-17.84608929,-21.81297018,-20.53106719,13078057652.503202,0.3873,13724725031.653738
2026-03-22 02:48:40.590817,2026-03-22,7083,36,633253562.7465303,897888420.0366303,4.979041108043089,210370617.8630684,209570680.821832,799937.0412364143,-27.6117,0.68443688,-2.96896691,-11.69523287,3.51829728,-28.48274948,-42.90653914,3152995520.7297177,0.0933,4470623353.803645
2026-03-22 02:48:40.590817,2026-03-22,6535,43,1290809788.0,1290809788.0,1.839788841094825,143456101.34065238,143446830.56235942,9270.778292956717,-37.9196,0.65300177,-1.90638569,-4.14601747,27.9007221,-16.15914093,-13.72916176,2374817443.9383774,0.0703,2374817443.940196
2026-03-22 02:48:40.590817,2026-03-22,512,19,33011217372.91982,50001786883.65895,0.2303954157134652,103276762.71779644,103170387.1690182,106375.54877822884,-13.409,0.56678344,-2.05996369,-3.16017573,1.0164317,-23.68363512,-25.06441612,7605633149.841428,0.2252,11520187066.876352
2026-03-22 02:48:40.590817,2026-03-22,3794,58,499099840.0,499099840.0,2.5465144631907046,49615415.35619277,49142841.705933765,472573.6502589851,-31.6123,0.3890292,-3.18227775,-3.94058477,-21.25930365,-25.48002762,-7.28263342,1270964961.1361666,0.0376,1270964961.1313453
2026-03-23 02:48:54.773111,2026-03-23,1,1,20003043.0,20003043.0,97726.74077798816,40060211140.363525,39986351311.18957,73859829.17395711,9.7934,0.21947203,-1.40983736,-5.83052984,0.38511936,-24.1687397,-22.61736807,1954832198031.9507,58.1052,2052261556337.7488
2026-03-23 02:48:54.773111,2026-03-23,1027,2,120691596.75839175,120691596.75839175,2950.636256824012,20947688212.54768,20782525729.143707,165162483.40396035,26.8001,0.18885624,-1.86496514,-5.36431177,4.82777235,-31.82084605,-31.12580952,356117001289.2941,10.5852,356117001289.294
2026-03-23 02:48:54.773111,2026-03-23,1839,4,136357579.29,136357579.29,900.4287813211233,2238394898.0412807,2142510119.254828,95884778.78645304,14.9127,0.27389236,-0.78664401,-6.40973432,0.16152676,-29.45827767,-26.49210432,122780288943.99312,3.6475,122780289898.44373
2026-03-23 02:48:54.773111,2026-03-23,5426,7,572016240.6453283,622797083.3477681,124.14043856888424,3788664003.139877,3788602972.5995846,61030.54029211487,12.5898,0.392683,-1.63812368,-5.18255757,2.1205883,-33.39388254,-31.00532304,71010346982.23547,2.1095,77314303066.22072
2026-03-23 02:48:54.773111,2026-03-23,52,5,61344583754.0,99985695443.0,1.9870803644298576,2270267054.555037,2268477668.7371216,1789385.8179150133,15.1217,0.06686468,-1.91515476,-3.54925068,-3.12190609,-28.85395931,-26.69949782,121896617841.69624,3.6232,198708036442.9866
2026-03-23 02:48:54.773111,2026-03-23,74,9,169234663126.57907,169234663126.57907,0.1303712491111314,1134390226.5228968,1133661601.4384778,728625.0844188447,12.5373,0.26254403,-1.06019341,-6.55698021,-9.12403906,-28.47978798,-31.12918182,22063334424.71365,0.6558,22063334424.709995
2026-03-23 02:48:54.773111,2026-03-23,2010,12,36096440525.57868,44994439995.92189,0.3621533400779069,581380181.0801497,580302287.126706,1077893.9534435854,11.0625,0.29078253,-1.88908228,-6.24648539,-10.91000592,-30.93162228,-31.30273015,13072446501.26184,0.3885,16296900303.506956
2026-03-23 02:48:54.773111,2026-03-23,1958,8,94756036194.191,94756030345.2437,0.4431531762670805,1121915226.4690883,1121670114.002405,245112.46668334617,26.935,-0.41174644,0.195168,4.00653001,8.57347575,3.12642571,8.96182315,41991438409.93419,1.248,41991435817.95351
2026-03-23 02:48:54.773111,2026-03-23,5805,23,431771961.1772119,463441061.1772119,13.051527945921157,301832509.5536323,296477228.00218564,5355281.551446641,5.4855,0.26068228,-1.7866954,-8.19060759,-0.74548475,-27.49156132,-26.56203011,5635283817.569566,0.1675,9341614408.285534
2026-03-23 02:48:54.773111,2026-03-23,11419,29,2459734670.800456,5157537775.926358,1.8002263275994528,106333360.87963612,104858733.16267012,1474627.7169659734,-18.9878,0.09260772,-0.02833667,-4.69303052,-5.93056324,-19.86441528,-13.93239002,4428079113.284153,0.1316,9284735289.815693
2026-03-23 02:48:54.773111,2026-03-23,1975,15,708099970.4525567,1000000000.0,12.512479189590676,804675474.3781482,800755548.1908795,3919926.187269137,29.5966,0.23816966,-1.71245081,-7.51308444,-2.46475372,-30.30084954,-30.26756347,8860086144.437387,0.2633,12512479189.59391
2026-03-23 02:48:54.773111,2026-03-23,5994,27,589243635632184.8,589500184835394.5,8.319054493482292e-06,140094768.16906092,139918905.5640639,175862.60499699225,-9.1985,-0.22107287,-0.57110777,-2.52307913,-9.71749963,-27.79731176,-19.50667956,4901949914.761768,0.1456,4904520999.256767
2026-03-23 02:48:54.773111,2026-03-23,6636,33,1675652347.876663,1675652347.876663,2.051032060546829,174549969.62855703,174410710.92019308,139258.70836395805,-8.0894,0.24086604,-2.64541237,-0.49581625,6.74745939,-27.32119359,-19.24637706,3436816687.825604,0.1022,4307167327.146733
2026-03-23 02:48:54.773111,2026-03-23,28321,54,10612861404.195309,10612861414.195309,0.1340429830344098,67232532.25821225,67171043.64705622,61488.61115603633,0.5498,0.58086406,-1.15425693,-4.0932479,-12.67005936,-31.36258734,-13.0844187,1422579601.1490948,0.0423,1422579602.48493
2026-03-23 02:48:54.773111,2026-03-23,2,21,76978889.48347135,84000000.0,77.26729497837648,384217144.2462964,383637424.6685949,579719.5777015748,4.5693,0.37089073,-1.39239608,-3.5069263,-2.283115,-22.01465794,-29.45944433,5947950560.827225,0.1768,6490452778.188594
2026-03-23 02:48:54.773111,2026-03-23,1831,11,20011043.75,20011043.75,675.0583195197567,344370569.0763919,341838264.05374354,2532305.02264833,15.1936,0.33184519,2.40565379,1.05969055,-16.73991066,-20.705326,-20.06628323,13508621565.711329,0.4015,14176224709.911682
2026-03-23 02:48:54.773111,2026-03-23,7083,35,633223562.7465303,897858420.0366303,5.014102018916112,261442547.2052037,260333048.6138577,1109498.5913460285,23.2135,0.31443966,-0.15772865,-13.97860184,-0.59925129,-29.71110478,-42.1237877,3175047544.39263,0.0944,4501953716.60697
2026-03-23 02:48:54.773111,2026-03-23,6535,42,1290887342.0,1290887342.0,1.8396987805889768,160377422.89779168,160367866.29235503,9556.605436656097,10.8386,0.32510122,-0.86072506,-5.5760402,21.50632879,-16.96346896,-13.85128908,2374843868.9551454,0.0706,2374843868.96112
2026-03-23 02:48:54.773111,2026-03-23,512,19,33011212563.656822,50001786883.65895,0.2252148758837984,130783850.12254304,130655083.65467297,128766.46787012268,25.5863,0.157133,-3.08790619,-6.07514392,-3.38341379,-26.91394682,-28.14725531,7434616140.297658,0.221,11261150715.137056
2026-03-23 02:48:54.773111,2026-03-23,3794,57,499271040.0,499271040.0,2.5507621278289765,54825153.98632468,54344009.65349452,481144.3328301697,9.5545,0.21157106,-0.69049634,-4.57653098,-25.91456429,-26.04402923,-8.36163961,1273521660.353786,0.0379,1273521660.357803
